분류,코드값,상세설명
직업,1,관리자
직업,2,전문가 및 관련 종사자
직업,3,사무 종사자
직업,4,서비스 종사자
직업,5,판매 종사자
직업,6,농림·어업 숙련 종사자
직업,7,기능원 및 관련 기능 종사자
직업,8,장치·기계 조작 및 조립 종사자
직업,9,단순노무 종사자
직업,A,군인
직업,42,돌봄·보건 및 개인 생활 서비스직
직업,27,경영·금융전문가 및 관련직
직업,28,문화·예술·스포츠 전문가 및 관련직
직업,31,경영 및 회계 관련 사무직
직업,32,금융 사무직
직업,33,법률 및 감사 사무직
직업,39,상담·안내·통계 및 기타 사무직
직업,41,경찰·소방 및 보안 관련 서비스직
직업,43,운송 및 여가 서비스직
직업,44,조리 및 음식 서비스직
직업,51,영업직
직업,52,매장 판매 및 상품 대여직
직업,53,통신 및 방문·노점 판매 관련직
직업,61,농·축산 숙련직
직업,62,임업 숙련직
직업,63,어업 숙련직
직업,71,식품가공 관련 기능직
직업,72,섬유·의복 및 가죽 관련 기능직
직업,73,목재·가구·악기 및 간판 관련 기능직
직업,74,금속 성형 관련 기능직
직업,75,운송 및 기계 관련 기능직
직업,76,전기 및 전자 관련 기능직
직업,77,정보 통신 및 방송장비 관련 기능직
직업,78,건설 및 채굴 관련 기능직
직업,79,기타 기능 관련직
직업,81,식품가공 관련 기계 조작직
직업,82,섬유 및 신발 관련 기계 조작직
직업,83,화학 관련 기계 조작직
직업,84,금속 및 비금속 관련 기계 조작직
직업,85,기계 제조 및 관련 기계 조작직
직업,86,전기 및 전자 관련 기계 조작직
직업,87,운전 및 운송 관련직
직업,88,상하수도 및 재활용 처리 관련 기계 조작직
직업,89,목재·인쇄 및 기타 기계 조작직
직업,91,건설 및 광업 관련 단순 노무직
직업,92,운송 관련 단순 노무직
직업,93,제조 관련 단순 노무직
직업,94,청소 및 경비 관련 단순 노무직
직업,95,가사·음식 및 판매 관련 단순 노무직
직업,99,농림·어업 및 기타 서비스 단순 노무직
직업,A0,군인
직업,11,공공 기관 및 기업 고위직
직업,12,행정·경영 지원 및 마케팅 관리직
직업,13,전문 서비스 관리직
직업,14,건설·전기 및 생산 관련 관리직
직업,15,판매 및 고객 서비스 관리직
직업,21,과학 전문가 및 관련직
직업,22,정보 통신 전문가 및 기술직
직업,23,공학 전문가 및 기술직
직업,24,보건·사회복지 및 종교 관련직
직업,25,교육 전문가 및 관련직
직업,26,법률 및 행정 전문직
직업,287,식문화 관련 전문가
직업,421,돌봄 및 보건 서비스 종사자
직업,286,스포츠 및 레크리에이션 관련 전문가
직업,823,세탁 관련 기계 조작원
직업,831,석유 및 화학물 가공 장치 조작원
직업,832,화학·고무 및 플라스틱 제품 생산기 조작원
직업,841,주조 및 금속가공 관련 기계 조작원
직업,842,도장 및 도금기 조작원
직업,843,비금속제품 생산기 조작원
직업,851,금속 공작 기계 조작원
직업,852,냉난방 관련 설비 조작원
직업,853,자동 조립라인 및 산업용로봇 조작원
직업,854,운송차량 및 기계 관련 조립원
직업,855,금속기계 부품 조립원
직업,861,발전 및 배전장치 조작원
직업,862,전기 및 전자설비 조작원
직업,863,전기·전자 부품 및 제품 제조 장치 조작원
직업,864,전기·전자 부품 및 제품 조립원
직업,871,철도 및 전동차 기관사
직업,872,철도운송 관련 종사자
직업,873,자동차 운전원
직업,874,물품 이동 장비 조작원
직업,875,건설 및 채굴기계 운전원
직업,876,선박 승무원 및 관련 종사자
직업,881,상하수도 처리 장치 조작원
직업,882,재활용 처리 및 소각로 조작원
직업,891,목재 및 종이 관련 기계 조작원
직업,892,인쇄 및 사진 현상 관련 기계 조작원
직업,899,기타 기계 조작원
직업,910,건설 및 광업 단순 종사자
직업,921,하역 및 적재 단순 종사자
직업,922,배달원
직업,930,제조 관련 단순 종사자
직업,941,청소원 및 환경미화원
직업,942,건물 관리원 및 검표원
직업,951,가사 및 육아 도우미
직업,952,음식 관련 단순 종사자
직업,953,판매 관련 단순 종사자
직업,991,농림·어업 관련 단순 종사자
직업,992,계기·자판기 및 주차 관리 종사자
직업,999,기타 서비스 관련 단순 종사자
직업,A01,장교
직업,A02,부사관
직업,111,의회 의원·고위 공무원 및 공공단체 임원
직업,112,기업 고위 임원
직업,121,행정 및 경영 지원 관리자
직업,122,마케팅 및 광고·홍보 관리자
직업,131,연구·교육 및 법률 관련 관리자
직업,132,보험 및 금융 관리자
직업,133,보건 및 사회복지 관련 관리자
직업,134,문화·예술 관련 관리자
직업,135,정보 통신 관련 관리자
직업,139,기타 전문 서비스 관리자
직업,141,건설·전기 및 생산 관련 관리자
직업,149,기타 건설·전기 및 생산 관련 관리자
직업,151,판매 및 운송 관리자
직업,152,고객 서비스 관리자
직업,153,환경·청소 및 경비 관련 관리자
직업,159,기타 판매 및 고객 서비스 관리자
직업,211,생명 및 자연과학 관련 전문가
직업,212,인문 및 사회과학 전문가
직업,213,생명 및 자연과학 관련 시험원
직업,A09,기타 군인
직업,422,미용 관련 서비스 종사자
직업,423,혼례 및 장례 종사자
직업,429,기타 돌봄·보건 및 개인 생활 서비스 종사자
직업,431,운송 서비스 종사자
직업,432,여가 서비스 종사자
직업,441,조리사
직업,442,식음료 서비스 종사자
직업,510,영업 종사자
직업,521,매장 판매 종사자
직업,522,상품 대여 종사자
직업,531,통신 관련 판매직
직업,532,방문 및 노점 판매 관련직
직업,611,작물 재배 종사자
직업,612,원예 및 조경 종사자
직업,613,축산 및 사육 관련 종사자
직업,620,임업 관련 종사자
직업,630,어업 관련 종사자
직업,710,식품가공 관련 기능 종사자
직업,721,섬유 및 가죽 관련 기능 종사자
직업,722,의복 제조 관련 기능 종사자
직업,730,목재·가구·악기 및 간판 관련 기능 종사자
직업,741,금형·주조 및 단조원
직업,742,제관원 및 판금원
직업,743,용접원
직업,751,자동차 정비원
직업,752,운송장비 정비원
직업,753,기계장비 설치 및 정비원
직업,761,전기·전자기기 설치 및 수리원
직업,762,전기공
직업,771,정보 통신기기 설치 및 수리원
직업,772,방송·통신장비 관련 설치 및 수리원
직업,781,건설구조 관련 기능 종사자
직업,782,건설 관련 기능 종사자
직업,783,건축 마감 관련 기능 종사자
직업,784,채굴 및 토목 관련 기능 종사자
직업,791,공예 및 귀금속 세공원
직업,792,배관공
직업,799,기타 기능 관련 종사자
직업,811,식품가공 관련 기계 조작원
직업,812,음료 제조 관련 기계 조작원
직업,819,기타 식품가공 관련 기계 조작원
직업,821,섬유 제조 및 가공기계 조작원
직업,822,직물·신발 관련 기계 조작원 및 조립원
직업,221,컴퓨터 하드웨어 및 통신공학 전문가
직업,222,컴퓨터 시스템 및 소프트웨어 전문가
직업,223,데이터 및 네트워크 관련 전문가
직업,224,정보 시스템 및 웹 운영자
직업,225,통신 및 방송 송출 장비 기사
직업,231,건축·토목 공학 기술자 및 시험원
직업,232,화학공학 기술자 및 시험원
직업,233,금속·재료 공학 기술자 및 시험원
직업,234,전기·전자공학 기술자 및 시험원
직업,235,기계·로봇공학 기술자 및 시험원
직업,236,소방·방재 기술자 및 안전 관리원
직업,237,환경공학·가스·에너지 기술자 및 시험원
직업,238,항공기·선박 기관사 및 관제사
직업,239,기타 공학 전문가 및 관련 종사자
직업,241,의료 진료 전문가
직업,242,약사 및 한약사
직업,243,간호사
직업,244,영양사
직업,245,치료·재활사 및 의료기사
직업,246,보건 의료 관련 종사자
직업,247,사회복지 관련 종사자
직업,248,종교 관련 종사자
직업,251,대학교수 및 강사
직업,252,학교 교사
직업,253,유치원 교사
직업,254,문리·기술 및 예능 강사
직업,259,기타 교육 전문가
직업,261,법률 전문가
직업,262,행정 전문가
직업,271,인사 및 경영 전문가
직업,272,금융 및 보험 전문가
직업,273,상품 기획·홍보 및 조사 전문가
직업,274,감정·기술 영업 및 중개 관련 종사자
직업,281,작가 및 언론 관련 전문가
직업,282,학예사·사서 및 기록물 관리사
직업,283,연극·영화 및 영상 전문가
직업,284,시각 및 공연 예술가
직업,285,디자이너
직업,288,문화·예술 관련 기획자 및 매니저
직업,311,행정 사무원
직업,312,경영 관련 사무원
직업,313,회계 및 경리 사무원
직업,314,비서 및 사무 보조원
직업,320,금융 사무 종사자
직업,330,법률 및 감사 사무 종사자
직업,391,통계 관련 사무원
직업,392,여행·안내 및 접수 사무원
직업,399,고객 상담 및 기타 사무원
직업,411,경찰·소방 및 교도 관련 종사자
직업,412,경호 및 보안 관련 종사자
직업,2870,주방장 및 요리 연구가
직업,4212,보육 및 교사 보조 서비스 종사원
직업,2869,기타 스포츠 및 레크리에이션 관련 전문가
직업,4123,시설 및 특수 경비원
직업,1110,의회 의원·고위 공무원 및 공공단체 임원
직업,1120,기업 고위 임원
직업,1211,정부행정 관리자
직업,1212,경영 지원 관리자
직업,1220,마케팅 및 광고·홍보 관리자
직업,1311,연구 관리자
직업,1312,교육 관리자
직업,1313,법률·경찰·소방 및 교도 관리자
직업,1320,보험 및 금융 관리자
직업,1331,보건 의료 관련 관리자
직업,1332,사회복지 관련 관리자
직업,1340,문화·예술 관련 관리자
직업,1350,정보 통신 관련 관리자
직업,1390,기타 전문 서비스 관리자
직업,1411,건설 및 광업 관련 관리자
직업,1412,전기·가스 및 수도 관련 관리자
직업,1413,제품 생산 관련 관리자
직업,1490,기타 건설·전기 및 생산 관련 관리자
직업,1511,영업 및 판매 관련 관리자
직업,1512,운송 관련 관리자
직업,1521,숙박·여행·오락 및 스포츠 관련 관리자
직업,1522,음식 서비스 관련 관리자
직업,1530,환경·청소 및 경비 관련 관리자
직업,1590,기타 판매 및 고객 서비스 관리자
직업,2111,생명과학 연구원
직업,2112,자연과학 연구원
직업,2121,인문과학 연구원
직업,2122,사회과학 연구원
직업,2131,생명과학 시험원
직업,2132,농림·어업 관련 시험원
직업,2133,자연과학 시험원
직업,2211,컴퓨터 하드웨어 기술자 및 연구원
직업,2212,통신공학 기술자 및 연구원
직업,2221,컴퓨터 시스템 전문가
직업,2222,시스템 소프트웨어 개발자
직업,2223,응용 소프트웨어 개발자
직업,2224,웹 개발자
직업,2229,기타 컴퓨터 시스템 및 소프트웨어 전문가
직업,2231,데이터 전문가
직업,2232,네트워크 시스템 개발자
직업,2233,정보 보안 전문가
직업,2239,기타 데이터 및 네트워크 관련 전문가
직업,2241,정보 시스템 운영자
직업,2242,웹 운영자
직업,2250,통신 및 방송 송출 장비 기사
직업,2311,건축가
직업,2312,건축공학 기술자
직업,2313,토목공학 기술자
직업,2314,조경 기술자
직업,2315,도시 및 교통 관련 전문가
직업,2316,측량 및 지리 정보 전문가
직업,2317,건설자재 시험원
직업,2321,화학공학 기술자 및 연구원
직업,2322,화학공학 시험원
직업,2331,금속·재료 공학 연구원 및 기술자
직업,2332,금속 및 재료 공학 시험원
직업,2341,전기공학 기술자 및 연구원
직업,2342,전자공학 기술자 및 연구원
직업,2343,전기 및 전자공학 시험원
직업,2351,기계공학 기술자 및 연구원
직업,2352,로봇공학 기술자 및 연구원
직업,8550,금속기계 부품 조립원
직업,8610,발전 및 배전장치 조작원
직업,8620,전기 및 전자설비 조작원
직업,8631,전기 부품 및 제품 제조 기계 조작원
직업,8632,전자 부품 및 제품 제조 기계 조작원
직업,8640,전기·전자 부품 및 제품 조립원
직업,8710,철도 및 전동차 기관사
직업,8720,철도운송 관련 종사원
직업,8731,택시 운전원
직업,8732,버스 운전원
직업,8733,화물차 및 특수차 운전원
직업,8739,기타 자동차 운전원
직업,8740,물품 이동 장비 조작원
직업,8750,건설 및 채굴기계 운전원
직업,8760,선박 승무원 및 관련 종사원
직업,8810,상하수도 처리 장치 조작원
직업,8820,재활용 처리 및 소각로 조작원
직업,8911,목재가공 관련 기계 조작원
직업,8912,가구 조립원
직업,8913,펄프 및 종이 제조 장치 조작원
직업,8914,종이제품 생산기 조작원
직업,8919,기타 목재 및 종이 관련 기계 조작원
직업,8921,인쇄기 조작원
직업,8922,사진 인화 및 현상기 조작원
직업,8990,기타 기계 조작원
직업,9100,건설 및 광업 단순 종사원
직업,9210,하역 및 적재 단순 종사원
직업,9221,우편집배원
직업,9222,택배원
직업,9223,음식 배달원
직업,9229,기타 배달원
직업,9300,제조 관련 단순 종사원
직업,9411,청소원
직업,9412,환경미화원 및 재활용품 수거원
직업,9421,건물 관리원
직업,9422,검표원
직업,9511,가사 도우미
직업,9512,육아 도우미
직업,9521,패스트푸드 준비원
직업,9522,주방 보조원
직업,9531,주유원
직업,9539,기타 판매 관련 단순 종사원
직업,9910,농림·어업 관련 단순 종사원
직업,9921,계기 검침원 및 가스 점검원
직업,9922,자동판매기 관리원
직업,9923,주차 관리원 및 안내원
직업,9991,구두 미화원
직업,9992,세탁원 및 다림질원
직업,9999,기타 서비스 관련 단순 종사원
직업,A011,영관급 이상 장교
직업,A012,위관급 장교
직업,A020,부사관
직업,A090,기타 군인
직업,7719,기타 정보 통신기기 설치 및 수리원
직업,7721,방송 관련 장비 설치 및 수리원
직업,7722,통신 관련 장비 설치 및 수리원
직업,7723,통신·방송·인터넷케이블 설치 및 수리원
직업,7811,강구조물 가공원 및 건립원
직업,7812,경량 철골공
직업,7821,철근공
직업,7822,콘크리트공
직업,7823,건축 석공
직업,7824,건축 목공
직업,7825,조적공 및 석재 부설원
직업,7829,기타 건설 관련 기능 종사원
직업,7831,미장공
직업,7832,방수공
직업,7833,단열공
직업,7834,바닥재 시공원
직업,7835,도배공 및 유리 부착원
직업,7836,건축 도장공
직업,7837,새시 조립 및 설치원
직업,7839,기타 건축 마감 관련 기능 종사원
직업,7841,광원·채석원 및 석재 절단원
직업,7842,철로 설치 및 보수원
직업,7849,기타 채굴 및 토목 관련 종사원
직업,7911,공예원
직업,7912,귀금속 및 보석 세공원
직업,7921,건설 배관공
직업,7922,공업 배관공
직업,7929,기타 배관공
직업,7991,배관 세정원 및 방역원
직업,7999,기타 기능 관련 종사원
직업,8111,제분 및 도정 관련 기계 조작원
직업,8112,곡물가공 제품 기계 조작원
직업,8113,육류·어패류 및 낙농품 가공 기계 조작원
직업,8114,과실 및 채소 가공 관련 기계 조작원
직업,8120,음료 제조 관련 기계 조작원
직업,8190,기타 식품가공 관련 기계 조작원
직업,8211,섬유 제조 기계 조작원
직업,8212,표백 및 염색 관련 기계 조작원
직업,8221,직조기 및 편직기 조작원
직업,8222,신발 제조기 조작원 및 조립원
직업,8229,기타 직물·신발 관련 기계 조작원 및 조립원
직업,8230,세탁 관련 기계 조작원
직업,8311,석유 및 천연가스 제조 관련 제어 장치 조작원
직업,8312,화학물 가공 장치 조작원
직업,8319,기타 석유 및 화학물 가공 장치 조작원
직업,8321,화학제품 생산기 조작원
직업,8322,타이어 및 고무제품 생산기 조작원
직업,8323,플라스틱제품 생산기 조작원
직업,8324,고무 및 플라스틱제품 조립원
직업,8411,주조기 조작원
직업,8412,단조기 조작원
직업,8413,용접기 조작원
직업,8414,금속가공 관련 제어 장치 조작원
직업,8415,금속가공 기계 조작원
직업,8416,제관기 조작원
직업,8417,판금기 조작원
직업,8421,도장기 조작원
직업,8422,도금 및 금속 분무기 조작원
직업,8431,유리 제조 및 가공기 조작원
직업,8432,점토제품 생산기 조작원
직업,8433,시멘트 및 광물제품 제조기 조작원
직업,8434,광석 및 석제품 가공기 조작원
직업,8439,기타 비금속제품 관련 생산기 조작원
직업,8510,금속 공작 기계 조작원
직업,8520,냉난방 관련 설비 조작원
직업,8530,자동 조립라인 및 산업용로봇 조작원
직업,8541,자동차 조립원
직업,8542,자동차 부품 조립원
직업,8543,운송장비 조립원
직업,8544,일반기계 조립원
직업,5220,상품 대여원
직업,5311,단말기 및 통신 서비스 판매원
직업,5312,온라인 쇼핑 판매원
직업,5313,텔레마케터
직업,5321,방문 판매원
직업,5322,노점 및 이동 판매원
직업,5323,홍보 도우미 및 판촉원
직업,6111,곡식작물 재배원
직업,6112,채소 및 특용작물 재배원
직업,6113,과수작물 재배원
직업,6121,원예작물 재배원
직업,6122,조경원
직업,6131,낙농업 관련 종사원
직업,6132,가축 사육 종사원
직업,6139,기타 사육 관련 종사원
직업,6201,조림·산림경영인 및 벌목원
직업,6209,임산물 채취 및 기타 임업 관련 종사원
직업,6301,양식원
직업,6302,어부 및 해녀
직업,7101,제빵사 및 제과원
직업,7102,떡 제조원
직업,7103,정육가공원 및 도축원
직업,7104,식품 및 담배 등급원
직업,7105,김치 및 밑반찬 제조 종사원
직업,7109,기타 식품가공 관련 종사원
직업,7211,패턴사
직업,7212,재단사
직업,7213,재봉사
직업,7214,제화원
직업,7219,기타 섬유 및 가죽 관련 기능 종사원
직업,7221,한복 제조원
직업,7222,양장 및 양복 제조원
직업,7223,모피 및 가죽 의복 제조원
직업,7224,의복·가죽 및 모피 수선원
직업,7229,기타 의복 제조 관련 기능 종사원
직업,7301,목제품 제조 관련 종사원
직업,7302,가구 제조 및 수리원
직업,7303,악기 제조 및 조율사
직업,7304,간판 제작 및 설치원
직업,7411,금형원
직업,7412,주조원
직업,7413,단조원
직업,7421,제관원
직업,7422,판금원
직업,7430,용접원
직업,7510,자동차 정비원
직업,7521,항공기 정비원
직업,7522,선박 정비원
직업,7523,철도 기관차 및 전동차 정비원
직업,7529,기타 운송장비 정비원
직업,7531,공업기계 설치 및 정비원
직업,7532,승강기 설치 및 정비원
직업,7533,물품 이동 장비 설치 및 정비원
직업,7534,냉동·냉장·공조기 설치 및 정비원
직업,7535,보일러 설치 및 정비원
직업,7536,건설·광업기계 설치 및 정비원
직업,7539,농업용·기타 기계장비 설치 및 정비원
직업,7611,사무용 전자기기 설치 및 수리원
직업,7612,가전제품 설치 및 수리원
직업,7619,기타 전기·전자기기 설치 및 수리원
직업,7621,산업 전기공
직업,7622,내선 전기공
직업,7623,외선 전기공
직업,7711,컴퓨터 설치 및 수리원
직업,7712,이동전화기 수리원
직업,3125,무역 사무원
직업,3126,운송 사무원
직업,3127,총무 사무원 및 대학 행정조교
직업,3131,회계 사무원
직업,3132,경리 사무원
직업,3141,비서
직업,3142,전산 자료 입력원 및 사무 보조원
직업,3201,출납 창구 사무원
직업,3202,보험 심사원 및 사무원
직업,3203,은행 사무원
직업,3204,증권 사무원
직업,3205,수금원 및 신용 추심원
직업,3209,기타 금융 사무원
직업,3301,법률 관련 사무원
직업,3302,감사 사무원
직업,3910,통계 관련 사무원
직업,3921,여행 사무원
직업,3922,안내·접수원 및 전화교환원
직업,3991,고객 상담 및 모니터 요원
직업,3999,기타 사무원
직업,4111,경찰관 및 수사관
직업,4112,소방관
직업,4113,소년원 학교 교사 및 교도관
직업,4121,경호원
직업,4122,청원경찰
직업,4129,기타 경호 및 보안 관련 종사원
직업,4211,돌봄 서비스 종사원
직업,4219,기타 돌봄 및 보건 서비스 종사원
직업,4221,이용사
직업,4222,미용사
직업,4223,피부 및 체형 관리사
직업,4224,메이크업 아티스트 및 분장사
직업,4229,기타 미용 관련 서비스 종사원
직업,4231,결혼상담원 및 웨딩플래너
직업,4232,혼례 종사원
직업,4233,장례 상담원 및 장례 지도사
직업,4291,반려동물 미용 및 관리 종사원
직업,4292,점술가 및 민속신앙 종사원
직업,4293,개인 생활 서비스 종사원
직업,4311,항공기 객실 승무원
직업,4312,선박 및 열차 객실 승무원
직업,4321,여가 및 관광 서비스 종사원
직업,4322,숙박시설 서비스 종사원
직업,4323,오락시설 서비스 종사원
직업,4329,기타 여가 서비스 종사원
직업,4411,한식 조리사
직업,4412,중식 조리사
직업,4413,양식 조리사
직업,4414,일식 조리사
직업,4415,음료 조리사
직업,4419,기타 조리사
직업,4421,바텐더
직업,4422,웨이터
직업,4429,기타 음식 서비스 종사원
직업,5101,자동차 영업원
직업,5102,제품 및 광고 영업원
직업,5103,보험 모집인 및 투자 권유 대행인
직업,5104,대출 및 신용카드 모집인
직업,5211,소규모 상점 경영 및 일선 관리 종사원
직업,5212,상점 판매원
직업,5213,매표원 및 복권 판매원
직업,5214,매장 계산원 및 요금 정산원
직업,2711,인사 및 노사 관련 전문가
직업,2712,회계사
직업,2713,세무사
직업,2714,관세사
직업,2715,경영 및 진단 전문가
직업,2721,투자 및 신용 분석가
직업,2722,자산 운용가
직업,2723,보험 및 금융 상품 개발자
직업,2724,증권 및 외환 딜러
직업,2725,손해 사정사
직업,2729,기타 금융 및 보험 관련 전문가
직업,2731,상품 기획 전문가
직업,2732,여행 상품 개발자
직업,2733,광고 및 홍보 전문가
직업,2734,조사 전문가
직업,2735,행사 기획자
직업,2741,감정 관련 전문가
직업,2742,해외 영업원
직업,2743,기술 영업원
직업,2744,상품 중개인 및 경매사
직업,2745,부동산 컨설턴트 및 중개사
직업,2749,기타 기술 영업 및 중개 관련 종사원
직업,2811,작가
직업,2812,출판물 전문가
직업,2813,기자 및 언론 관련 전문가
직업,2814,번역가 및 통역가
직업,2821,학예사 및 문화재 보존원
직업,2822,사서 및 기록물 관리사
직업,2831,감독 및 기술 감독
직업,2832,배우 및 모델
직업,2833,아나운서 및 리포터
직업,2834,촬영기사
직업,2835,음향 및 녹음 기사
직업,2836,영상·녹화 및 편집 기사
직업,2837,조명기사 및 영사기사
직업,2839,기타 연극·영화 및 영상 관련 종사원
직업,2841,화가 및 조각가
직업,2842,사진기자 및 사진가
직업,2843,만화가 및 만화영화 작가
직업,2844,국악 및 전통 예능인
직업,2845,지휘자·작곡가 및 연주가
직업,2846,가수 및 성악가
직업,2847,무용가 및 안무가
직업,2849,기타 시각 및 공연 예술가
직업,2851,제품 디자이너
직업,2852,패션 디자이너
직업,2853,실내장식 디자이너
직업,2854,시각 디자이너
직업,2855,미디어 콘텐츠 디자이너
직업,2861,스포츠 감독 및 코치
직업,2862,직업 운동선수
직업,2863,경기 심판 및 경기 기록원
직업,2881,공연·영화 및 음반 기획자
직업,2882,연예인 및 스포츠 매니저
직업,3111,조세행정 사무원
직업,3112,관세행정 사무원
직업,3113,병무행정 사무원
직업,3114,국가 및 지방 행정 사무원
직업,3115,공공행정 사무원
직업,3121,기획 및 마케팅 사무원
직업,3122,인사 및 교육·훈련 사무원
직업,3123,자재 관리 사무원
직업,3124,생산 및 품질 관리 사무원
직업,2353,기계 및 로봇공학 시험원
직업,2361,방재 기술자 및 연구원
직업,2362,소방공학 기술자 및 연구원
직업,2363,소방공학 시험원
직업,2364,산업 안전 및 위험 관리원
직업,2365,보건 위생 및 환경 검사원
직업,2366,비파괴 검사원
직업,2371,환경공학 기술자 및 연구원
직업,2372,가스·에너지 기술자 및 연구원
직업,2373,환경공학 시험원
직업,2374,가스 및 에너지 시험원
직업,2381,항공기 조종사
직업,2382,선장·항해사 및 도선사
직업,2383,관제사
직업,2391,식품공학 기술자 및 연구원
직업,2392,섬유공학 기술자 및 연구원
직업,2393,식품공학 시험원
직업,2394,섬유공학 시험원
직업,2395,제도사
직업,2399,기타 공학 관련 기술자 및 시험원
직업,2411,전문 의사
직업,2412,일반 의사
직업,2413,한의사
직업,2414,치과 의사
직업,2415,수의사
직업,2420,약사 및 한약사
직업,2430,간호사
직업,2440,영양사
직업,2451,임상병리사
직업,2452,방사선사
직업,2453,치과기공사
직업,2454,치과위생사
직업,2455,재활공학 기사
직업,2456,물리 및 작업 치료사
직업,2457,임상심리사
직업,2459,기타 치료·재활사 및 의료기사
직업,2461,응급 구조사
직업,2462,위생사
직업,2463,안경사
직업,2464,의무 기록사
직업,2465,간호조무사
직업,2466,안마사
직업,2471,사회복지사
직업,2472,보육교사
직업,2473,직업상담사
직업,2474,상담 전문가
직업,2475,청소년 지도사
직업,2476,시민 단체 활동가
직업,2479,기타 사회복지 관련 종사원
직업,2481,성직자
직업,2489,기타 종교 관련 종사원
직업,2511,대학교수
직업,2512,대학 시간강사
직업,2521,중·고등학교 교사
직업,2522,초등학교 교사
직업,2523,특수교육 교사
직업,2530,유치원 교사
직업,2541,문리 및 어학 강사
직업,2542,컴퓨터 강사
직업,2543,기술 및 기능계 강사
직업,2544,예능 강사
직업,2545,학습지 및 교육 교구 방문강사
직업,2549,기타 문리·기술 및 예능 강사
직업,2591,장학관·연구관 및 교육 관련 전문가
직업,2592,대학 교육 조교
직업,2599,기타 교사
직업,2611,판사 및 검사
직업,2612,변호사
직업,2613,법무사 및 집행관
직업,2614,변리사
직업,2619,기타 법률 전문가
직업,2620,정부 및 공공 행정 전문가
직업,28709,그 외 식문화 관련 전문가
직업,42121,보육 관련 시설 서비스 종사원
직업,28699,그 외 스포츠 및 레크리에이션 관련 전문가
직업,99211,계기 검침원
직업,99212,가스 점검원
직업,99220,자동판매기 관리원
직업,99231,주차 관리원
직업,99232,주차 안내원
직업,99910,구두 미화원
직업,99920,세탁원 및 다림질원
직업,99991,환경 감시원
직업,99992,대여 제품 방문 점검원
직업,99999,그 외 서비스 관련 단순 종사원
직업,A0110,영관급 이상 장교
직업,A0120,위관급 장교
직업,A0200,부사관
직업,A0900,기타 군인
직업,11101,국회의원
직업,11102,지방의회 의원 및 교육 의원
직업,11103,중앙정부 고위 공무원
직업,11104,지방정부 고위 공무원
직업,11105,공공 기관 임원
직업,11106,정당 및 특수 단체 임원
직업,11201,기업 대표이사
직업,11202,기업 고위 임원
직업,12110,정부행정 관리자
직업,12121,총무 및 인사 관리자
직업,12122,기획 관리자
직업,12123,재무 관리자
직업,12124,자재 및 구매 관리자
직업,12129,그 외 경영 지원 관리자
직업,12201,마케팅 관리자
직업,12202,광고 및 홍보 관리자
직업,12209,그 외 마케팅 및 광고·홍보 관리자
직업,13111,인문과학 연구 관리자
직업,13112,사회과학 연구 관리자
직업,92292,신문 배달원
직업,92299,그 외 배달원
직업,93001,수동 포장원
직업,93002,수동 상표 부착원
직업,93003,제품 단순 선별원
직업,93009,그 외 제조 관련 단순 종사원
직업,94111,건물 청소원
직업,94112,운송장비 청소원
직업,94119,그 외 청소원
직업,94121,쓰레기 수거원
직업,94122,거리 미화원
직업,94123,재활용품 수거원
직업,94129,그 외 환경미화원 및 재활용품 수거원
직업,94211,아파트 경비원
직업,94212,건물 경비원
직업,94219,그 외 건물 관리원
직업,94220,검표원
직업,95110,가사 도우미
직업,95120,육아 도우미
직업,95210,패스트푸드 준비원
직업,95220,주방 보조원
직업,95310,주유원
직업,95391,매장 정리원
직업,95392,전단지 배포원 및 벽보원
직업,95399,그 외 판매 관련 단순 종사원
직업,99101,농업 단순 종사원
직업,99102,임업 단순 종사원
직업,99103,어업 단순 종사원
직업,99104,산불 감시원
직업,87339,그 외 화물차 및 특수차 운전원
직업,87391,승용차 및 승합차 운전원
직업,87392,렌터카 운전원
직업,87393,대리 운전원
직업,87394,대리 주차원
직업,87399,그 외 자동차 운전원
직업,87401,크레인 운전원
직업,87402,리프트 조작원
직업,87403,호이스트 운전원
직업,87404,지게차 운전원
직업,87409,그 외 물품 이동 장비 조작원
직업,87501,굴착기·착암기 및 채광기 조작원
직업,87502,시추장비 조작원
직업,87503,도로정지기 운전원
직업,87504,항타기 운전원
직업,87505,도로포장기 및 롤러 운전원
직업,87506,굴삭기 및 불도저 운전원
직업,87507,콘크리트 믹서 트럭 운전원
직업,87508,덤프트럭 운전원
직업,87509,그 외 건설 및 채굴기계 운전원
직업,87601,선박부원
직업,87602,등대원
직업,87609,그 외 선박 관련 승무원
직업,88101,펌프 장치 조작원
직업,88102,정수 처리 장치 조작원
직업,88103,하수 처리 장치 조작원
직업,88109,그 외 상하수도 처리 장치 조작원
직업,88201,재활용 처리 기계 조작원
직업,88202,소각로 조작원
직업,88209,그 외 재활용 처리 및 소각로 조작원
직업,89111,제재기 조작원
직업,89112,목재처리기 조작원
직업,89113,합판생산기 조작원
직업,89119,그 외 목재가공 관련 기계 조작원
직업,89120,가구 조립원
직업,89131,펄프 제조 장치 조작원
직업,89132,종이 제조 장치 조작원
직업,89141,종이상자 및 봉투 제조기 조작원
직업,89142,판지 라이닝기 조작원
직업,89143,인화지 제조기 조작원
직업,89144,위생용 종이제품 제조기 조작원
직업,89149,그 외 종이제품 생산기 조작원
직업,89190,그 외 목재 및 종이 관련 기계 조작원
직업,89211,인쇄 필름 출력원
직업,89212,인쇄판 출력원
직업,89213,오프셋인쇄기 조작원
직업,89214,윤전인쇄기 조작원
직업,89215,경인쇄기 조작원
직업,89216,디지털인쇄기 조작원
직업,89217,그라비어인쇄기 조작원
직업,89218,제책 및 재단용 기계 조작원
직업,89219,그 외 인쇄기 조작원
직업,89221,사진 인화 및 현상기 조작원
직업,89229,그 외 사진 인화 및 현상기 조작원
직업,89901,주입·포장 및 봉함기 조작원
직업,89902,상표 부착기 조작원
직업,89903,케이블 및 배관 부설기 조작원
직업,89904,공기압축기 조작원
직업,89909,그 외 기계 조작원
직업,91001,건설 단순 종사원
직업,91002,광업 단순 종사원
직업,92101,하역 및 적재 관련 단순 종사원
직업,92102,이삿짐 운반원
직업,92109,그 외 하역 및 적재 단순 종사원
직업,92210,우편집배원
직업,92221,택배원
직업,92229,그 외 택배원
직업,92230,음식 배달원
직업,92291,음료 배달원
직업,85103,드릴링기 및 보링기 조작원
직업,85104,연삭기 및 연마기 조작원
직업,85105,프레스기 및 절단기 조작원
직업,85106,금속절곡기 조작원
직업,85107,머시닝센터 조작원
직업,85109,그 외 금속 공작 기계 조작원
직업,85201,냉난방기 관련 설비 조작원
직업,85202,냉동 및 냉장기 설비 조작원
직업,85203,공조기설비 조작원
직업,85301,자동 조립라인 조작원
직업,85302,산업용로봇 조작원
직업,85410,자동차 조립원
직업,85421,자동차 엔진 조립원
직업,85422,자동차 차체 부품 조립원
직업,85429,그 외 자동차 부품 조립원
직업,85431,철도차량 조립원
직업,85432,선박 조립원
직업,85433,항공기 조립원
직업,85439,그 외 운송장비 조립원
직업,85441,공업기계 조립원
직업,85442,농업기계 조립원
직업,85443,건설기계 조립원
직업,85444,공작기계 조립원
직업,85445,공구 조립원
직업,85449,그 외 일반기계 조립원
직업,85500,금속기계 부품 조립원
직업,86101,화력발전장치 운전원
직업,86102,수력발전장치 운전원
직업,86103,원자력발전장치 운전원
직업,86104,발전터빈 조작원
직업,86105,배전반 조작원
직업,86109,그 외 발전 및 배전장치 조작원
직업,86201,건물 전기 및 전자설비 조작원
직업,86202,공장 전기 및 전자설비 조작원
직업,86209,그 외 전기 및 전자설비 조작원
직업,86311,전기 부품 제조 기계 조작원
직업,86312,전기제품 제조 기계 조작원
직업,86321,전자 부품 제조 기계 조작원
직업,86322,전자제품 제조 기계 조작원
직업,86401,전기장비 조립원
직업,86402,영상 및 음향장비 조립원
직업,86403,전자 및 정밀 기구 조립원
직업,86404,가정용 전기 및 전자제품 조립원
직업,86409,그 외 전기·전자 부품 및 제품 조립원
직업,87101,고속철 기관사
직업,87102,철도 기관사
직업,87103,전동차 기관사
직업,87109,그 외 철도 및 전동차 기관사
직업,87200,철도운송 관련 종사원
직업,87310,택시 운전원
직업,87321,시내버스 운전원
직업,87322,시외 및 고속 버스 운전원
직업,87323,관광버스 운전원
직업,87329,그 외 버스 운전원
직업,87331,경·소형 화물차 운전원
직업,87332,중형 화물차 운전원
직업,87333,대형 화물차 운전원
직업,82301,드라이클리닝기 조작원
직업,82309,그 외 세탁 관련 기계 조작원
직업,83111,원유 처리 장치 조작원
직업,83112,석유 및 천연가스 정제 장치 조작원
직업,83113,폐유 및 재생유 처리 장치 조작원
직업,83119,그 외 석유 및 천연가스 제조 관련 제어 장치 조작원
직업,83121,화학물 분쇄기·마쇄기 및 혼합기 조작원
직업,83122,화학물 가열 처리 장치 조작원
직업,83123,화학물 여과기 및 분리기 조작원
직업,83124,화학물 증류기 및 반응기 조작원
직업,83129,그 외 화학물 가공 장치 조작원
직업,83190,그 외 석유 및 화학물 가공 장치 조작원
직업,83211,약제품 생산기 조작원
직업,83212,화장품 생산기 조작원
직업,83213,세제 생산기 조작원
직업,83214,비료 생산기 조작원
직업,83215,필름 생산기 조작원
직업,83216,가스 생산기 조작원
직업,83219,그 외 화학제품 생산기 조작원
직업,83221,타이어 생산기 조작원
직업,83222,고무제품 생산기 조작원
직업,83229,그 외 타이어 및 고무제품 생산기 조작원
직업,83231,플라스틱 사출기 조작원
직업,83232,플라스틱 압출기 조작원
직업,83239,그 외 플라스틱제품 생산기 조작원
직업,83241,고무제품 조립원
직업,83242,플라스틱제품 조립원
직업,84110,주조기 조작원
직업,84120,단조기 조작원
직업,84130,용접기 조작원
직업,84141,광석 및 금속용광로 조작원
직업,84142,금속용해로 및 금속가열로 조작원
직업,84149,그 외 금속가공 관련 제어 장치 조작원
직업,84151,압연기 조작원
직업,84152,인발기 조작원
직업,84153,연선기 조작원
직업,84154,압출기 조작원
직업,84155,금속 열처리로 조작원
직업,84159,그 외 금속가공 기계 조작원
직업,84160,제관기 조작원
직업,84170,판금기 조작원
직업,84211,차량 도장기 조작원
직업,84212,가구 도장기 조작원
직업,84213,금속제품 도장기 조작원
직업,84219,그 외 도장기 조작원
직업,84221,금속 세척기 조작원
직업,84222,전기 도금기 조작원
직업,84223,용융 도금기 조작원
직업,84224,금속 분무기 조작원
직업,84225,금속코팅·광택 및 래미네이팅기 조작원
직업,84229,그 외 도금 및 금속 분무기 조작원
직업,84311,유리 제조 및 제품 가공기 조작원
직업,84312,렌즈 및 프리즘 가공기 조작원
직업,84319,그 외 유리 제조 및 가공기 조작원
직업,84321,도자기제품 생산기 조작원
직업,84322,벽돌 및 타일 생산기 조작원
직업,84329,그 외 점토제품 생산기 조작원
직업,84331,시멘트 및 석회 제조 관련 조작원
직업,84332,콘크리트제품 제조 관련 조작원
직업,84339,그 외 시멘트 및 광물제품 제조기 조작원
직업,84341,광석 및 석재 가공장치 조작원
직업,84342,석제품 가공기 조작원
직업,84391,유약 생산기 조작원
직업,84392,광택제 생산기 조작원
직업,84399,그 외 비금속제품 관련 생산기 조작원
직업,85101,선반기 조작원
직업,85102,밀링기 조작원
직업,79111,도자기 공예원
직업,79112,목 공예원
직업,79113,석 공예원
직업,79114,종이 공예원
직업,79119,그 외 공예원
직업,79121,귀금속 세공원
직업,79122,보석 세공원
직업,79129,그 외 귀금속 및 보석 세공원
직업,79211,상·하수 배관공
직업,79212,가스 배관공
직업,79221,플랜트 배관공
직업,79222,선박 배관공
직업,79223,항공기 배관공
직업,79290,그 외 배관공
직업,79911,배관 세정원
직업,79912,건물 외벽 세정원
직업,79913,방역원
직업,79919,그 외 배관 세정원 및 방역원
직업,79991,인쇄 관련 기능 종사원
직업,79992,유리 관련 기능 종사원
직업,79999,그 외 기능 관련 종사원
직업,81111,곡물 및 사료 제분기 조작원
직업,81112,조미료 제분기 조작원
직업,81113,도정기 조작원
직업,81119,그 외 제분 및 도정 관련 기계 조작원
직업,81121,빵·과자 및 떡 제조 기계 조작원
직업,81122,두부 및 유사 제품 기계 조작원
직업,81123,국수 및 면류 제품 기계 조작원
직업,81124,사탕·껌 및 초콜릿 제품 기계 조작원
직업,81129,그 외 곡물가공 제품 기계 조작원
직업,81131,육류가공 기계 조작원
직업,81132,어패류가공 기계 조작원
직업,81133,낙농품가공 기계 조작원
직업,81140,과실 및 채소 가공 관련 기계 조작원
직업,81201,알코올성 음료 제조기 조작원
직업,81202,비알코올성 음료 제조기 조작원
직업,81209,그 외 음료 제조 관련 기계 조작원
직업,81901,유지 제조기 조작원
직업,81902,조미 식품 생산기 조작원
직업,81903,설탕 제조 관련 기계 조작원
직업,81904,커피 및 차류 제조기 조작원
직업,81905,담배 제조 관련 기계 조작원
직업,81906,건강식품 가공기 조작원
직업,81909,그 외 식품가공 관련 기계 조작원
직업,82110,섬유 제조 기계 조작원
직업,82121,표백기 조작원
직업,82122,염색 조색 및 배합기 조작원
직업,82123,날염기 조작원
직업,82124,염색기 조작원
직업,82129,그 외 표백 및 염색 관련 기계 조작원
직업,82211,제직기 조작원
직업,82212,편직기 조작원
직업,82219,그 외 직조기 및 편직기 조작원
직업,82220,신발 제조기 조작원 및 조립원
직업,82291,가죽 및 모피 가공원
직업,82292,자동 재단기 조작원
직업,82293,자동 재봉설비 조작원
직업,82299,그 외 직물·신발 관련 기계 조작원 및 조립원
직업,76193,포스시스템 설치 및 수리원
직업,76194,영상·전자음향기기 설치 및 수리원
직업,76195,의료기기 설치 및 수리원
직업,76196,시계 및 카메라 수리원
직업,76197,광학기구 수리원
직업,76199,그 외 전기·전자기기 설치 및 수리원
직업,76211,항공기 전기 설치원
직업,76212,선박 전기 설치원
직업,76213,철도차량 전기 설치원
직업,76214,플랜트 전기 설치원
직업,76219,그 외 산업 전기 설치원
직업,76221,건물 내 전기 설치 및 정비원
직업,76222,비상 발전기 설치 및 정비원
직업,76223,조명 기구 설치 및 수리원
직업,76224,전기제어장치 설치 및 정비원
직업,76225,전기기기 설치 및 정비원
직업,76229,그 외 내선 설치 및 정비원
직업,76231,송배전설비 전기원
직업,76232,지중 전력설비 전기원
직업,76233,전기케이블 접속원
직업,76234,철도 고가 전선 가설원
직업,76239,그 외 외선 전기원
직업,77110,컴퓨터 설치 및 수리원
직업,77120,이동전화기 수리원
직업,77190,그 외 정보 통신기기 설치 및 수리원
직업,77211,방송장비 설치 및 수리원
직업,77212,위성방송 안테나 설치 및 수리원
직업,77221,통신장비 설치 및 수리원
직업,77222,기지국 설치 및 수리원
직업,77231,통신케이블 설치 및 수리원
직업,77232,방송케이블 설치 및 수리원
직업,77233,인터넷케이블 설치 및 수리원
직업,78111,강구조물 가공원
직업,78112,강구조물 건립원
직업,78120,경량 철골공
직업,78210,철근공
직업,78221,인조석 설치원
직업,78222,콘크리트패널 조립원
직업,78223,콘크리트 타설원
직업,78230,건축 석공
직업,78241,전통 건물 건축원
직업,78242,외장 목공
직업,78243,형틀 목공
직업,78244,내장 목공
직업,78251,조적공
직업,78252,보도블록 설치원
직업,78253,석재 부설원
직업,78259,그 외 조적공 및 석재 부설원
직업,78291,비계공
직업,78292,건물 칸막이 설치원
직업,78293,건물 해체원
직업,78299,그 외 건설 관련 기능 종사원
직업,78310,미장공
직업,78320,방수공
직업,78330,단열공
직업,78341,마루 설치원
직업,78342,타일 부착원
직업,78343,대리석 부착원
직업,78349,그 외 바닥재 시공원
직업,78351,도배공
직업,78352,유리 부착원
직업,78361,건물 도장공
직업,78369,그 외 건축 도장공
직업,78370,새시 조립 및 설치원
직업,78391,건물 수리원
직업,78399,그 외 건축 마감 관련 기능 종사원
직업,78411,광원
직업,78412,채석원
직업,78413,석재 절단원
직업,78421,철로 설치원
직업,78422,철로 보수원
직업,78491,점화·발파 및 화약 관리원
직업,78492,잠수 기능원
직업,78493,삭구원 및 케이블 접속원
직업,78494,천일염 생산 종사원
직업,78499,그 외 채굴 및 토목 관련 종사원
직업,72221,양장 제조원
직업,72222,양복 제조원
직업,72230,모피 및 가죽 의복 제조원
직업,72241,의복 수선원
직업,72242,가죽 및 모피 수선원
직업,72243,구두 수선원
직업,72249,그 외 수선원
직업,72290,그 외 의복 제조 관련 기능 종사원
직업,73011,목재케이스 및 나무상자 제조원
직업,73019,그 외 목제품 제조 관련 종사원
직업,73021,가구 제조원
직업,73022,가구 수리원
직업,73031,악기 제조 및 수리원
직업,73032,조율사
직업,73040,간판 제작 및 설치원
직업,74110,금형원
직업,74121,목형원
직업,74122,주형원
직업,74123,금속 주입원
직업,74130,단조원
직업,74210,제관원
직업,74220,판금원
직업,74301,가스 용접원
직업,74302,전기 용접원
직업,74309,그 외 용접원
직업,75101,자동차 엔진 정비원
직업,75102,자동차 섀시 정비원
직업,75103,자동차 전기 및 전자 정비원
직업,75104,자동차 판금 정비원
직업,75105,자동차 도장 정비원
직업,75106,자동차 경정비원
직업,75107,자동차 튜닝원
직업,75109,그 외 자동차 정비원
직업,75211,비행기 정비원
직업,75212,헬리콥터 정비원
직업,75220,선박 정비원
직업,75231,고속철 기관차 정비원
직업,75232,철도 기관차 정비원
직업,75233,전동차 정비원
직업,75234,여객차 및 화차 정비원
직업,75291,오토바이 정비원
직업,75292,자전거 정비원
직업,75299,그 외 운송장비 정비원
직업,75311,식품기계 설치 및 정비원
직업,75312,섬유기계 설치 및 정비원
직업,75313,화학기계 설치 및 정비원
직업,75314,공작기계 설치 및 정비원
직업,75315,전자 제품 기계 설치 및 정비원
직업,75319,그 외 공업기계 설치 및 정비원
직업,75321,엘리베이터 설치 및 정비원
직업,75322,에스컬레이터 설치 및 정비원
직업,75323,휠체어 리프트 설치 및 정비원
직업,75331,크레인 설치 및 정비원
직업,75332,호이스트 설치 및 정비원
직업,75333,지게차 정비원
직업,75339,그 외 물품 이동 장비 설치 및 정비원
직업,75341,건물용 냉동·냉장·공조기 설치 및 정비원
직업,75349,그 외 냉동·냉장·공조기 설치 및 정비원
직업,75351,건물용 보일러 설치 및 정비원
직업,75359,그 외 보일러 설치 및 정비원
직업,75361,건설용 굴삭기 정비원
직업,75362,광업용 기계 설치 및 정비원
직업,75369,그 외 건설용 기계 정비원
직업,75391,농업용 기계 설치 및 정비원
직업,75399,그 외 기계장비 설치 및 정비원
직업,76110,사무용 전자기기 설치 및 수리원
직업,76120,가전제품 설치 및 수리원
직업,76191,감시카메라 설치 및 수리원
직업,76192,현금인출기 설치 및 수리원
직업,52131,항공권 판매원
직업,52132,승차권 판매원
직업,52133,입장권 판매원
직업,52134,복권 및 마권 판매원
직업,52139,그 외 매표원 및 복권 판매원
직업,52141,매장 계산원
직업,52142,요금 정산원
직업,52201,자동차 대여원
직업,52202,생활용품 대여원
직업,52203,사무용품 대여원
직업,52204,오락 및 스포츠용품 대여원
직업,52205,도서 및 영상 기록 매체 대여원
직업,52209,그 외 상품 대여원
직업,53110,단말기 및 통신 서비스 판매원
직업,53120,온라인 쇼핑 판매원
직업,53130,텔레마케터
직업,53210,방문 판매원
직업,53220,노점 및 이동 판매원
직업,53231,행사 및 홍보 도우미
직업,53232,판촉원
직업,61110,곡식작물 재배원
직업,61121,채소작물 재배원
직업,61122,특용작물 재배원
직업,61130,과수작물 재배원
직업,61211,육묘작물 재배원
직업,61212,화훼작물 재배원
직업,61220,조경원
직업,61311,젖소 사육자
직업,61319,그 외 낙농업 관련 종사원
직업,61321,육우 사육자
직업,61322,돼지 사육자
직업,61323,가금 사육자
직업,61329,그 외 가축 사육 종사원
직업,61391,양봉 종사원
직업,61392,수렵 종사원
직업,61393,동물 부화원
직업,61394,감별사
직업,61395,동물원 사육사
직업,61399,그 외 사육 관련 종사원
직업,62011,조림원 및 산림경영인
직업,62012,벌목원
직업,62091,임산물 채취 종사원
직업,62099,그 외 임업 관련 종사원
직업,63011,어패류 양식원
직업,63012,해조류 양식원
직업,63019,그 외 양식원
직업,63021,원근해 어부
직업,63022,내수면 어부
직업,63023,해녀
직업,71010,제빵사 및 제과원
직업,71020,떡 제조원
직업,71031,정육가공원
직업,71032,도축원
직업,71039,그 외 정육가공 및 도축 관련 종사원
직업,71041,식품 등급원
직업,71042,담배 등급원
직업,71051,김치 제조 종사원
직업,71052,밑반찬 제조 종사원
직업,71091,건강원 및 탕제원 종사원
직업,71092,수산물가공 및 염장원
직업,71099,그 외 수제 식품 제조 종사원
직업,72111,직물 패턴사
직업,72112,가죽 패턴사
직업,72113,모피 패턴사
직업,72119,그 외 패턴사
직업,72121,의복 재단사
직업,72122,신발 및 구두 재단사
직업,72129,그 외 재단사
직업,72131,직물 재봉사
직업,72132,가죽 및 모피 재봉사
직업,72133,신발 재봉사
직업,72134,기계 자수사
직업,72139,그 외 재봉사
직업,72140,제화원
직업,72191,모자 제조원
직업,72192,카펫 및 가발 제조원
직업,72193,시트 제품 제조원
직업,72194,수날염원
직업,72195,섬유 및 펠트 관련 선별원
직업,72199,그 외 섬유 및 가죽 관련 기능 종사원
직업,72210,한복 제조원
직업,42911,반려동물 미용사
직업,42912,반려동물 훈련사
직업,42913,수의사 보조원
직업,42921,점술가
직업,42922,민속신앙 관련 종사원
직업,42930,개인 생활 서비스 종사원
직업,43110,항공기 객실 승무원
직업,43121,선박 객실 승무원
직업,43122,열차 객실 승무원
직업,43211,국내여행 안내원
직업,43212,국외여행 안내원
직업,43213,관광 통역 안내원
직업,43214,미술관·박물관 해설 및 안내원
직업,43215,전시 및 시설 견학 안내원
직업,43216,문화 관광 및 숲·자연환경 해설사
직업,43221,호텔 서비스원
직업,43229,그 외 숙박시설 서비스원
직업,43231,유원시설 및 테마파크 서비스원
직업,43232,노래방 서비스원
직업,43239,그 외 오락시설 서비스원
직업,43291,카지노 딜러
직업,43292,골프장 캐디
직업,43293,응원단원
직업,43299,그 외 여가 서비스원
직업,44110,한식 조리사
직업,44120,중식 조리사
직업,44130,양식 조리사
직업,44140,일식 조리사
직업,44151,커피 조리사
직업,44152,전통차 조리사
직업,44159,그 외 음료 조리사
직업,44191,분식 조리사
직업,44199,그 외 조리사
직업,44210,바텐더
직업,44221,음식 서비스 종사원
직업,44222,음료 서비스 종사원
직업,44223,주류 서비스 종사원
직업,44290,그 외 음식 서비스 종사원
직업,51011,신차 영업원
직업,51012,중고차 영업원
직업,51021,건축자재 영업원
직업,51022,인쇄 및 광고 영업원
직업,51023,식품 영업원
직업,51024,체인점 모집 및 관리 영업원
직업,51029,그 외 일반 영업원
직업,51031,보험 중개인
직업,51032,보험 설계사
직업,51033,투자 권유 대행인
직업,51041,대출 모집인
직업,51042,신용카드 모집인
직업,52111,소규모 상점 경영자
직업,52112,소규모 상점 일선 관리 종사원
직업,52121,의류 판매원
직업,52122,화장품 판매원
직업,52123,가전제품 판매원
직업,52124,가구 판매원
직업,52125,신발 및 액세서리 판매원
직업,52126,서적·문구 및 음반 판매원
직업,52127,원예작물 판매원
직업,52128,음식료품 판매원
직업,52129,그 외 상점 판매원
직업,31411,관리 비서
직업,31412,일반 비서
직업,31421,약국 전산 관리원
직업,31422,전산 자료 입력원
직업,31423,사무 보조원
직업,32010,출납 창구 사무원
직업,32021,보험 심사원
직업,32022,보험 사무원
직업,32030,은행 사무원
직업,32040,증권 사무원
직업,32051,수금원
직업,32052,신용 추심원
직업,32090,그 외 금융 사무원
직업,33011,법무 사무원
직업,33012,특허 사무원
직업,33019,그 외 법률 관련 사무원
직업,33020,감사 사무원
직업,39101,통계 사무원
직업,39102,통계 및 설문 조사 사무원
직업,39109,그 외 통계 관련 사무원
직업,39210,여행 사무원
직업,39221,예약 및 접수 사무원
직업,39222,데스크 안내원
직업,39223,방송 안내원
직업,39224,전화교환 및 전화번호 안내원
직업,39229,그 외 안내·접수원 및 전화교환원
직업,39911,의료 서비스 상담 종사원
직업,39912,전화 상담원
직업,39913,방문 고객 상담원
직업,39914,모니터 요원
직업,39915,중개 사무원
직업,39919,그 외 고객 상담 사무원
직업,39991,출판 및 자료편집 사무원
직업,39992,속기사
직업,39993,행정사
직업,39994,취업 알선원
직업,39999,그 외 사무원
직업,41111,해양 경찰관 및 수사관
직업,41112,일반 경찰관 및 수사관
직업,41120,소방관
직업,41131,소년원 학교 교사
직업,41132,교도관
직업,41210,경호원
직업,41220,청원경찰
직업,41231,시설 경비원
직업,41232,호송 경비원
직업,41233,기계 경비원
직업,41234,특수 경비원
직업,41239,그 외 시설 및 특수 경비원
직업,41291,보안 관제원
직업,41292,유통 및 매장 감시원
직업,41293,주차 단속원
직업,41299,그 외 경호 및 보안 관련 종사원
직업,42111,요양 보호사
직업,42112,간병인
직업,42113,노인 및 장애인 돌봄 서비스 종사원
직업,42122,교사 교육 보조원
직업,42191,산후조리 종사원
직업,42192,치료사 보조원
직업,42199,그 외 돌봄 및 보건 서비스 종사원
직업,42210,이용사
직업,42220,미용사
직업,42231,피부 관리사
직업,42232,체형 관리사
직업,42233,손톱 관리사
직업,42234,목욕 관리사
직업,42239,그 외 피부 및 체형 관리 종사원
직업,42241,메이크업 아티스트
직업,42242,특수 분장사
직업,42243,분장사
직업,42291,패션 코디네이터
직업,42292,이미지컨설턴트
직업,42299,그 외 미용 관련 서비스 종사원
직업,42311,결혼상담원
직업,42312,웨딩플래너
직업,42320,혼례 종사원
직업,42331,장례 상담원
직업,42332,장례 지도사
직업,28521,직물 디자이너
직업,28522,의상 디자이너
직업,28523,액세서리 디자이너
직업,28524,가방 및 신발 디자이너
직업,28531,인테리어 디자이너
직업,28532,디스플레이 디자이너
직업,28533,무대 및 세트 디자이너
직업,28541,광고 디자이너
직업,28542,포장 디자이너
직업,28543,책 디자이너
직업,28544,삽화가
직업,28545,색채 전문가
직업,28546,활자 디자이너
직업,28549,그 외 시각 디자이너
직업,28551,웹 디자이너
직업,28552,멀티미디어 디자이너
직업,28553,게임 그래픽 디자이너
직업,28554,사용자 경험 및 인터페이스 디자이너
직업,28559,그 외 미디어 콘텐츠 디자이너
직업,28611,스포츠 감독
직업,28612,스포츠 코치
직업,28620,직업 운동선수
직업,28631,경기 심판
직업,28632,경기 기록원
직업,28691,스포츠 강사 및 트레이너
직업,28692,레크리에이션 전문가
직업,28701,주방장
직업,28702,요리 연구가
직업,28810,공연·영화 및 음반 기획자
직업,28821,연예인 매니저
직업,28822,스포츠 매니저
직업,31110,조세행정 사무원
직업,31120,관세행정 사무원
직업,31130,병무행정 사무원
직업,31141,국가행정 사무원
직업,31142,지방행정 사무원
직업,31150,공공행정 사무원
직업,31211,경영 기획 사무원
직업,31212,영업 관리 사무원
직업,31213,광고 및 홍보 사무원
직업,31214,분양 및 임대 사무원
직업,31215,판매 사무원
직업,31219,그 외 기획 및 마케팅 사무원
직업,31221,인사 및 노무 사무원
직업,31222,교육 및 훈련 사무원
직업,31230,자재 관리 사무원
직업,31241,생산관리 사무원
직업,31242,품질 관리 사무원
직업,31250,무역 사무원
직업,31261,도로운송 사무원
직업,31262,철도운송 사무원
직업,31263,수상운송 사무원
직업,31264,항공운송 사무원
직업,31271,총무 사무원
직업,31272,대학 행정조교
직업,31310,회계 사무원
직업,31320,경리 사무원
직업,27353,국내 및 국제회의 기획자
직업,27411,부동산 감정 전문가
직업,27412,동산 감정 전문가
직업,27420,해외 영업원
직업,27431,자동차 부품 기술 영업원
직업,27432,전자 및 통신장비 기술 영업원
직업,27433,의료장비 기술 영업원
직업,27434,농업용 기계장비 기술 영업원
직업,27435,산업용 기계장비 기술 영업원
직업,27436,의약품 영업원
직업,27439,그 외 기술 영업원
직업,27441,농수산물 중개인 및 경매사
직업,27442,예술품 중개인 및 경매사
직업,27449,그 외 상품 중개인 및 경매사
직업,27451,부동산 컨설턴트
직업,27452,부동산 중개사
직업,27490,그 외 기술 영업 및 중개 관련 종사원
직업,28111,방송 및 시나리오 작가
직업,28112,문학작가
직업,28119,그 외 작가
직업,28121,출판물 기획자
직업,28122,출판물 편집자
직업,28131,기자
직업,28132,평론가
직업,28139,그 외 언론 관련 전문가
직업,28141,번역가
직업,28142,통역가
직업,28211,학예사
직업,28212,문화재 보존원
직업,28221,사서
직업,28222,기록물 관리사
직업,28311,감독 및 연출가
직업,28312,기술 감독
직업,28319,그 외 감독 및 연출가
직업,28321,배우
직업,28322,개그맨 및 코미디언
직업,28323,성우
직업,28324,모델
직업,28329,그 외 배우 및 모델
직업,28331,아나운서
직업,28332,리포터
직업,28333,쇼핑호스트
직업,28339,그 외 아나운서 및 리포터
직업,28340,촬영기사
직업,28350,음향 및 녹음 기사
직업,28360,영상·녹화 및 편집 기사
직업,28371,조명기사
직업,28372,영사기사
직업,28391,미디어 콘텐츠 창작자
직업,28392,스크립터
직업,28393,무대의상 관리원
직업,28394,소품 관리원
직업,28395,방송 및 영화연출 보조원
직업,28396,보조 연기자
직업,28399,그 외 연극·영화 및 영상 관련 종사원
직업,28411,화가
직업,28412,조각가
직업,28413,서예가
직업,28421,사진작가
직업,28422,사진기자
직업,28423,사진가
직업,28431,만화가
직업,28432,만화영화 작가
직업,28441,국악인
직업,28442,국악 연주가
직업,28443,국악 작곡 및 편곡가
직업,28444,전통 예능인
직업,28451,지휘자
직업,28452,작곡가 및 편곡가
직업,28453,연주가
직업,28461,가수
직업,28462,성악가
직업,28471,무용가
직업,28472,안무가
직업,28490,그 외 시각 및 공연 예술가
직업,28511,자동차 디자이너
직업,28512,가구 디자이너
직업,28519,그 외 제품 디자이너
직업,25214,과학 교사
직업,25215,예체능 교사
직업,25216,실업 교사
직업,25217,외국어 교사
직업,25219,그 외 중·고등학교 교사
직업,25220,초등학교 교사
직업,25231,시각장애인 특수교육 교사
직업,25232,청각장애인 특수교육 교사
직업,25239,그 외 특수교육 교사
직업,25300,유치원 교사
직업,25411,국어 강사
직업,25412,수학 강사
직업,25413,사회 강사
직업,25414,과학 강사
직업,25415,외국어 강사
직업,25419,그 외 문리 및 어학 강사
직업,25420,컴퓨터 강사
직업,25431,디자인 강사
직업,25432,이·미용 강사
직업,25433,자동차 운전 강사
직업,25434,요리 강사
직업,25439,그 외 기술 및 기능계 강사
직업,25441,음악 강사
직업,25442,미술 강사
직업,25443,무용 강사
직업,25449,그 외 예능 강사
직업,25451,학습지 방문강사
직업,25452,교육 교구 방문강사
직업,25491,교육 연수 기관 강사
직업,25492,기업체 직무 훈련 강사
직업,25499,그 외 문리·기술 및 예능 강사
직업,25911,장학관 및 장학사
직업,25912,교육 연구관 및 교육 연구사
직업,25913,입학 사정관
직업,25919,그 외 교육 전문가
직업,25920,대학 교육 조교
직업,25990,그 외 교사
직업,26111,판사
직업,26112,검사
직업,26120,변호사
직업,26131,법무사
직업,26132,집행관
직업,26140,변리사
직업,26190,그 외 법률 전문가
직업,26201,정부행정 전문가
직업,26202,공공행정 전문가
직업,27111,노무사
직업,27112,인사 컨설턴트
직업,27113,헤드헌터
직업,27119,그 외 인사 및 노사 관련 전문가
직업,27120,회계사
직업,27130,세무사
직업,27140,관세사
직업,27151,경영 컨설턴트
직업,27152,기업 인수 및 합병 전문가
직업,27153,품질 인증 심사 전문가
직업,27159,그 외 경영 및 진단 전문가
직업,27211,투자 및 증권 분석가
직업,27212,신용 분석가
직업,27221,금융자산 운용가
직업,27229,그 외 자산 운용가
직업,27231,보험 상품 개발자
직업,27232,금융 상품 개발자
직업,27241,증권 중개인
직업,27242,선물거래 중개인
직업,27243,외환 딜러
직업,27250,손해 사정사
직업,27291,투자 인수 심사원
직업,27292,보험 인수 심사원
직업,27293,투자신탁 전문가
직업,27299,그 외 금융 및 보험 관련 전문가
직업,27311,상품 기획자
직업,27312,마케팅 전문가
직업,27320,여행 상품 개발자
직업,27331,광고 전문가
직업,27332,홍보 전문가
직업,27340,조사 전문가
직업,27351,이벤트 전문가
직업,27352,행사 전시 기획자
직업,24120,일반 의사
직업,24131,전문 한의사
직업,24132,일반 한의사
직업,24141,치과 전문 의사
직업,24142,치과 일반 의사
직업,24150,수의사
직업,24201,약사
직업,24202,한약사
직업,24301,전문 간호사
직업,24302,일반 간호사
직업,24303,보건교사
직업,24304,조산사
직업,24401,임상영양사
직업,24402,일반영양사
직업,24403,영양교사
직업,24510,임상병리사
직업,24520,방사선사
직업,24530,치과기공사
직업,24540,치과위생사
직업,24551,의지 보조기기사
직업,24552,보조공학사
직업,24561,물리치료사
직업,24562,작업치료사
직업,24570,임상심리사
직업,24591,전통 의료치료사
직업,24592,언어재활사
직업,24593,음악 및 미술치료사
직업,24594,놀이 및 행동치료사
직업,24599,그 외 치료·재활사 및 의료기사
직업,24611,119 구조대원
직업,24612,구급 요원
직업,24620,위생사
직업,24630,안경사
직업,24640,의무 기록사
직업,24650,간호조무사
직업,24660,안마사
직업,24710,사회복지사
직업,24720,보육교사
직업,24730,직업상담사
직업,24740,상담 전문가
직업,24750,청소년 지도사
직업,24760,시민 단체 활동가
직업,24791,복지시설 생활 지도원
직업,24799,그 외 사회복지 관련 종사원
직업,24811,목사
직업,24812,신부
직업,24813,승려
직업,24814,교무
직업,24819,그 외 성직자
직업,24891,수녀 및 수사
직업,24892,전도사
직업,24899,그 외 종교 관련 종사원
직업,25111,교육 분야 교수
직업,25112,예술 및 인문학 교수
직업,25113,사회과학·경영 및 법학 교수
직업,25114,자연과학·수학 및 통계학 교수
직업,25115,정보 통신기술 분야 교수
직업,25116,공학·제조 및 건설 분야 교수
직업,25117,농림·수산업 및 수의학 교수
직업,25118,보건 및 복지 교수
직업,25119,체육 및 그 외 분야 교수
직업,25121,교육 분야 시간강사
직업,25122,예술 및 인문학 시간강사
직업,25123,사회과학·경영 및 법학 시간강사
직업,25124,자연과학·수학 및 통계학 시간강사
직업,25125,정보 통신기술 분야 시간강사
직업,25126,공학·제조 및 건설 분야 시간강사
직업,25127,농림·수산업 및 수의학 시간강사
직업,25128,보건 및 복지 시간강사
직업,25129,체육 및 그 외 분야 시간강사
직업,25211,국어 교사
직업,25212,수학 교사
직업,25213,사회 교사
직업,23518,항공기·철도 차량 공학 기술자 및 연구원
직업,23519,그 외 기계공학 기술자 및 연구원
직업,23520,로봇공학 기술자 및 연구원
직업,23531,기계공학 시험원
직업,23532,로봇공학 시험원
직업,23610,방재 기술자 및 연구원
직업,23621,소방설계 기술자 및 연구원
직업,23622,소방시설 공사 기술자 및 연구원
직업,23623,소방 공사 감리 기술자 및 연구원
직업,23629,그 외 소방공학 기술자 및 연구원
직업,23630,소방공학 시험원
직업,23641,산업 안전원
직업,23642,위험 관리원
직업,23649,그 외 산업 안전 및 위험 관리원
직업,23651,보건 위생 검사원
직업,23652,환경 검사원
직업,23660,비파괴 검사원
직업,23711,대기 환경 기술자 및 연구원
직업,23712,수질 환경 기술자 및 연구원
직업,23713,토양 환경 기술자 및 연구원
직업,23714,소음 진동 기술자 및 연구원
직업,23715,폐기물 처리 기술자 및 연구원
직업,23716,환경 영향 평가원
직업,23719,그 외 환경공학 기술자 및 연구원
직업,23720,가스·에너지 기술자 및 연구원
직업,23731,대기 환경 시험원
직업,23732,수질 환경 시험원
직업,23733,토양 환경 시험원
직업,23734,소음 진동 시험원
직업,23735,폐기물 처리 시험원
직업,23736,환경 영향 시험원
직업,23739,그 외 환경공학 관련 시험원
직업,23740,가스 및 에너지 시험원
직업,23811,비행기 조종사
직업,23812,헬리콥터 조종사
직업,23821,선장
직업,23822,항해사
직업,23823,선박 기관사
직업,23824,도선사
직업,23831,항공교통 관제사
직업,23832,선박교통 관제사
직업,23833,철도교통 관제사
직업,23910,식품공학 기술자 및 연구원
직업,23921,섬유 소재 개발 기술자 및 연구원
직업,23922,섬유 공정 개발 기술자 및 연구원
직업,23923,염색 개발 공학 기술자 및 연구원
직업,23930,식품공학 시험원
직업,23940,섬유공학 시험원
직업,23951,건축 제도사
직업,23952,토목 제도사
직업,23953,기계 제도사
직업,23954,전기 및 전자 장비 제도사
직업,23959,그 외 제도사
직업,23990,그 외 공학 관련 기술자 및 시험원
직업,24111,내과 전문 의사
직업,24112,외과 전문 의사
직업,24113,소아청소년과 전문 의사
직업,24114,산부인과 전문 의사
직업,24115,정신건강의학과 및 신경과 전문 의사
직업,24116,안과 및 이비인후과 전문 의사
직업,24117,피부과 및 비뇨기과 전문 의사
직업,24118,영상의학과 및 병리과 전문 의사
직업,24119,그 외 전문 의사
직업,23124,건축설비 기술자
직업,23125,건축안전 기술자
직업,23126,건축에너지 관리 및 평가 기술자
직업,23129,그 외 건축 관련 기술자
직업,23131,토목구조 설계 기술자
직업,23132,토목감리 기술자
직업,23133,토목시공 기술자
직업,23134,토목안전 기술자
직업,23139,그 외 토목 관련 기술자
직업,23141,조경 계획 및 설계 기술자
직업,23142,조경감리 기술자
직업,23149,그 외 조경 관련 기술자
직업,23151,도시 계획 및 설계가
직업,23152,교통 계획 및 설계가
직업,23153,교통안전 연구원
직업,23154,교통영향 평가원
직업,23159,그 외 도시 및 교통 관련 전문가
직업,23161,측량 및 지리 정보 기술자
직업,23162,사진측량 및 분석가
직업,23163,지도 제작 기술자
직업,23164,지리 정보 시스템 전문가
직업,23170,건설자재 시험원
직업,23211,석유화학 기술자 및 연구원
직업,23212,고무·플라스틱 기술자 및 연구원
직업,23213,농약·비료 기술자 및 연구원
직업,23214,도료제품 기술자 및 연구원
직업,23215,화장품·비누제품 기술자 및 연구원
직업,23219,그 외 화학공학 기술자 및 연구원
직업,23221,석유화학 시험원
직업,23222,고무 및 플라스틱 시험원
직업,23223,농약 및 비료 시험원
직업,23224,도료제품 시험원
직업,23225,화장품 및 비누제품 시험원
직업,23229,그 외 화학공학 시험원
직업,23311,금속공학 기술자 및 연구원
직업,23312,요업·세라믹공학 기술자 및 연구원
직업,23313,시멘트공학 기술자 및 연구원
직업,23319,그 외 금속·재료 공학 기술자 및 연구원
직업,23321,금속공학 시험원
직업,23322,요업 및 세라믹 공학 시험원
직업,23323,시멘트공학 시험원
직업,23329,그 외 금속 및 재료 공학 시험원
직업,23411,전기제품 개발 기술자 및 연구원
직업,23412,발전설비 기술자 및 연구원
직업,23413,송배전설비 기술자 및 연구원
직업,23414,전기계측 제어 기술자 및 연구원
직업,23415,전기 감리 기술자 및 연구원
직업,23416,전기 안전 기술자 및 연구원
직업,23419,그 외 전기공학 기술자 및 연구원
직업,23421,전자제품 개발 기술자 및 연구원
직업,23422,반도체공학 기술자 및 연구원
직업,23423,전자계측 제어 기술자 및 연구원
직업,23424,전자 의료기기 개발 기술자 및 연구원
직업,23429,그 외 전자공학 기술자 및 연구원
직업,23431,전기공학 시험원
직업,23432,전자공학 시험원
직업,23511,금형공학 기술자 및 연구원
직업,23512,플랜트공학 기술자 및 연구원
직업,23513,냉난방·공조공학 기술자 및 연구원
직업,23514,건설기계공학 기술자 및 연구원
직업,23515,산업기계공학 기술자 및 연구원
직업,23516,자동차공학 기술자 및 연구원
직업,23517,조선공학 기술자 및 연구원
직업,21117,식품학 연구원
직업,21118,축산 및 수의학 연구원
직업,21119,그 외 생명과학 연구원
직업,21121,물리학 연구원
직업,21122,화학 연구원
직업,21123,수학 및 통계학 연구원
직업,21124,지구 및 기상 과학 연구원
직업,21125,천문 및 우주 과학 연구원
직업,21129,그 외 자연과학 연구원
직업,21211,철학 연구원
직업,21212,역사학 연구원
직업,21213,언어학 및 문학 연구원
직업,21214,인류학 연구원
직업,21215,교육학 연구원
직업,21216,심리학 연구원
직업,21219,그 외 인문과학 연구원
직업,21221,정치학 연구원
직업,21222,경제학 연구원
직업,21223,경영학 연구원
직업,21224,사회학 연구원
직업,21225,사회복지학 연구원
직업,21226,언론학 연구원
직업,21229,그 외 사회과학 연구원
직업,21311,생물학 시험원
직업,21312,의료과학 시험원
직업,21319,그 외 생명과학 시험원
직업,21321,농업 시험원
직업,21322,임업 시험원
직업,21323,어업 시험원
직업,21331,물리학 시험원
직업,21332,화학 시험원
직업,21333,지구 및 기상 과학 시험원
직업,21334,천문 및 우주 과학 시험원
직업,21339,그 외 자연과학 시험원
직업,22110,컴퓨터 하드웨어 기술자 및 연구원
직업,22121,통신기기 기술자 및 연구원
직업,22122,통신장비 기술자 및 연구원
직업,22123,통신기술 기술자 및 연구원
직업,22124,통신망 운영 기술자 및 연구원
직업,22129,그 외 통신공학 기술자 및 연구원
직업,22211,정보 통신 컨설턴트
직업,22212,컴퓨터 시스템 감리 전문가
직업,22213,컴퓨터 시스템 설계 및 분석가
직업,22221,시스템 소프트웨어 설계 및 분석가
직업,22222,시스템 소프트웨어 프로그래머
직업,22231,범용 소프트웨어 프로그래머
직업,22232,산업 특화 소프트웨어 프로그래머
직업,22233,모바일 애플리케이션 프로그래머
직업,22234,게임 프로그래머
직업,22235,네트워크 프로그래머
직업,22239,그 외 응용 소프트웨어 프로그래머
직업,22241,웹 프로그래머
직업,22242,웹 기획자
직업,22290,그 외 컴퓨터 시스템 및 소프트웨어 전문가
직업,22311,데이터 설계 및 프로그래머
직업,22312,데이터 분석가
직업,22313,데이터 관리 및 운영자
직업,22320,네트워크 시스템 개발자
직업,22330,정보 보안 전문가
직업,22390,그 외 데이터 및 네트워크 관련 전문가
직업,22410,정보 시스템 운영자
직업,22420,웹 운영자
직업,22501,통신장비 기사
직업,22502,방송 송출 장비 기사
직업,23110,건축가
직업,23121,건축구조 기술자
직업,23122,건축감리 기술자
직업,23123,건축시공 기술자
직업,13113,생명 및 자연과학 연구 관리자
직업,13114,공학 연구 관리자
직업,13119,그 외 연구 관리자
직업,13121,대학교 총장 및 대학 학장
직업,13122,중·고등학교 교장 및 교감
직업,13123,초등학교 교장 및 교감
직업,13124,유치원 원장
직업,13129,그 외 교육 관련 관리자
직업,13131,법률 관리자
직업,13132,경찰 관리자
직업,13133,소방 관리자
직업,13134,교도 관리자
직업,13201,보험 관리자
직업,13202,금융 관리자
직업,13310,보건 의료 관련 관리자
직업,13320,사회복지 관련 관리자
직업,13401,공연·전시 예술 관련 관리자
직업,13402,디자인 관련 관리자
직업,13403,방송·출판 및 영상 관련 관리자
직업,13501,컴퓨터 하드웨어 개발 관리자
직업,13502,컴퓨터 소프트웨어 개발 관리자
직업,13503,컴퓨터 운영 관리자
직업,13504,통신 관리자
직업,13509,그 외 정보 통신 관련 관리자
직업,13901,시장 및 여론 조사 관리자
직업,13902,부동산 및 임대업 관리자
직업,13903,공동주택 관리자
직업,13904,인력 공급 및 알선 서비스 관리자
직업,13909,그 외 전문 서비스 관리자
직업,14111,건축 관련 관리자
직업,14112,토목 관련 관리자
직업,14113,조경 관련 관리자
직업,14114,광업 관련 관리자
직업,14121,전기 관련 관리자
직업,14122,가스 관련 관리자
직업,14123,수도 관련 관리자
직업,14124,증기 및 온수 관련 관리자
직업,14131,식품 생산 관리자
직업,14132,섬유 및 의복 제품 생산 관리자
직업,14133,화학제품 생산 관리자
직업,14134,금속제품 생산 관리자
직업,14135,기계제품 생산 관리자
직업,14136,전기 및 전자 제품 생산 관리자
직업,14139,그 외 제품 생산 관련 관리자
직업,14901,농림·어업 관련 관리자
직업,14902,수리 및 정비 관련 관리자
직업,14909,그 외 건설·전기 및 생산 관련 관리자
직업,15111,영업 관련 관리자
직업,15112,판매 관련 관리자
직업,15113,무역 관련 관리자
직업,15121,육상운송 관련 관리자
직업,15122,해상운송 관련 관리자
직업,15123,항공운송 관련 관리자
직업,15211,숙박 관련 관리자
직업,15212,여행 관련 관리자
직업,15213,오락 및 스포츠 관련 관리자
직업,15219,그 외 숙박·여행·오락 및 스포츠 관련 관리자
직업,15220,음식 서비스 관련 관리자
직업,15301,환경 관련 관리자
직업,15302,청소 관련 관리자
직업,15303,경비 관련 관리자
직업,15901,회원 단체 관련 관리자
직업,15909,그 외 판매 및 고객 서비스 관리자
직업,21111,생물학 연구원
직업,21112,의학 연구원
직업,21113,약학 연구원
직업,21114,농학 연구원
직업,21115,임학 연구원
직업,21116,수산학 연구원
산업,01,농업
산업,011,작물 재배업
산업,0111,곡물 및 기타 식량작물 재배업
산업,01110,곡물 및 기타 식량작물 재배업
산업,0112,"채소, 화훼작물 및 종묘 재배업"
산업,01121,채소작물 재배업
산업,01122,화훼작물 재배업
산업,01123,종자 및 묘목 생산업
산업,0113,"과실, 음료용 및 향신용 작물 재배업"
산업,01131,과실작물 재배업
산업,01132,음료용 및 향신용 작물 재배업
산업,0114,기타 작물 재배업
산업,01140,기타 작물 재배업
산업,0115,시설작물 재배업
산업,01151,"채소, 화훼 및 과실작물 시설 재배업"
산업,01159,기타 시설작물 재배업
산업,012,축산업
산업,0121,소 사육업
산업,01211,젖소 사육업
산업,01212,육우 사육업
산업,0122,양돈업
산업,01220,양돈업
산업,0123,가금류 및 조류 사육업
산업,01231,양계업
산업,01239,기타 가금류 및 조류 사육업
산업,0129,기타 축산업
산업,01291,말 및 양 사육업
산업,01299,그 외 기타 축산업
산업,013,작물재배 및 축산 복합농업
산업,0130,작물재배 및 축산 복합농업
산업,01300,작물재배 및 축산 복합농업
산업,014,작물재배 및 축산 관련 서비스업
산업,0141,작물재배 관련 서비스업
산업,01411,작물재배 지원 서비스업
산업,01412,"농산물 건조, 선별 및 기타 수확 후 서비스업"
산업,0142,축산 관련 서비스업
산업,01420,축산 관련 서비스업
산업,015,수렵 및 관련 서비스업
산업,0150,수렵 및 관련 서비스업
산업,01500,수렵 및 관련 서비스업
산업,02,임업
산업,020,임업
산업,0201,영림업
산업,02011,임업용 종묘 생산업
산업,02012,육림업
산업,0202,벌목업
산업,02020,벌목업
산업,0203,임산물 채취업
산업,02030,임산물 채취업
산업,0204,임업 관련 서비스업
산업,02040,임업 관련 서비스업
산업,03,어업
산업,031,어로 어업
산업,0311,해수면 어업
산업,03111,원양 어업
산업,03112,연근해 어업
산업,0312,내수면 어업
산업,03120,내수면 어업
산업,032,양식어업 및 어업관련 서비스업
산업,0321,양식 어업
산업,03211,해수면 양식 어업
산업,03212,내수면 양식 어업
산업,03213,수산물 부화 및 수산 종자 생산업
산업,0322,어업 관련 서비스업
산업,03220,어업 관련 서비스업
산업,05,"석탄, 원유 및 천연가스 광업"
산업,051,석탄 광업
산업,0510,석탄 광업
산업,05100,석탄 광업
산업,052,원유 및 천연가스 채굴업
산업,0520,원유 및 천연가스 채굴업
산업,05200,원유 및 천연가스 채굴업
산업,06,금속 광업
산업,061,철 광업
산업,0610,철 광업
산업,06100,철 광업
산업,062,비철금속 광업
산업,0620,비철금속 광업
산업,06200,비철금속 광업
산업,07,비금속광물 광업; 연료용 제외
산업,071,토사석 광업
산업,0711,석회석 및 점토 광업
산업,07110,석회석 및 점토 광업
산업,0712,"석재, 쇄석 및 모래, 자갈 채취업"
산업,07121,건설용 석재 채굴 및 쇄석 생산업
산업,07122,모래 및 자갈 채취업
산업,072,기타 비금속광물 광업
산업,0721,화학용 및 비료 원료용 광물 광업
산업,07210,화학용 및 비료 원료용 광물 광업
산업,0722,천일염 생산 및 암염 채취업
산업,07220,천일염 생산 및 암염 채취업
산업,0729,그 외 기타 비금속광물 광업
산업,07290,그 외 기타 비금속광물 광업
산업,08,광업 지원 서비스업
산업,080,광업 지원 서비스업
산업,0800,광업 지원 서비스업
산업,08000,광업 지원 서비스업
산업,10,식료품 제조업
산업,101,"도축, 육류 가공 및 저장 처리업"
산업,1011,도축업
산업,10111,육류 도축업(가금류 제외)
산업,10112,가금류 도축업
산업,1012,육류 가공 및 저장 처리업
산업,10121,가금류 가공 및 저장 처리업
산업,10122,육류 포장육 및 냉동육 가공업(가금류 제외)
산업,10129,육류 기타 가공 및 저장 처리업(가금류 제외)
산업,102,수산물 가공 및 저장 처리업
산업,1021,수산동물 가공 및 저장 처리업
산업,10211,"수산동물 훈제, 조리 및 유사 조제식품 제조업"
산업,10212,수산동물 건조 및 염장품 제조업
산업,10213,수산동물 냉동품 제조업
산업,10219,기타 수산동물 가공 및 저장 처리업
산업,1022,수산식물 가공 및 저장 처리업
산업,10220,수산식물 가공 및 저장 처리업
산업,103,"과실, 채소 가공 및 저장 처리업"
산업,1030,"과실, 채소 가공 및 저장 처리업"
산업,10301,김치류 제조업
산업,10302,과실 및 그 외 채소 절임식품 제조업
산업,10309,기타 과실·채소 가공 및 저장 처리업
산업,104,동·식물성 유지 및 낙농제품 제조업
산업,1041,동물성 및 식물성 유지 제조업
산업,10411,동물성 유지 제조업
산업,10412,식물성 유지 제조업
산업,10413,식용 정제유 및 가공유 제조업
산업,1042,낙농제품 및 식용 빙과류 제조업
산업,10421,액상 시유 및 기타 낙농제품 제조업
산업,10422,아이스크림 및 기타 식용 빙과류 제조업
산업,105,"곡물 가공품, 전분 및 전분제품 제조업"
산업,1051,곡물 가공품 제조업
산업,10511,곡물 도정업
산업,10512,곡물 제분업
산업,10513,곡물 혼합 분말 및 반죽 제조업
산업,10519,기타 곡물 가공품 제조업
산업,1052,전분제품 및 당류 제조업
산업,10520,전분제품 및 당류 제조업
산업,106,"떡, 빵 및 과자류 제조업"
산업,1060,"떡, 빵 및 과자류 제조업"
산업,10601,떡류 제조업
산업,10602,빵류 제조업
산업,10603,과자류 및 코코아 제품 제조업
산업,107,도시락 및 식사용 조리식품 제조업
산업,1070,도시락 및 식사용 조리식품 제조업
산업,10701,도시락류 제조업
산업,10709,기타 식사용 가공처리 조리식품 제조업
산업,108,기타 식품 제조업
산업,1081,설탕 제조업
산업,10810,설탕 제조업
산업,1082,"면류, 마카로니 및 유사 식품 제조업"
산업,10820,"면류, 마카로니 및 유사 식품 제조업"
산업,1083,조미료 및 식품 첨가물 제조업
산업,10831,"식초, 발효 및 화학 조미료 제조업"
산업,10832,천연 및 혼합 조제 조미료 제조업
산업,10833,장류 제조업
산업,10839,기타 식품 첨가물 제조업
산업,1089,기타 식료품 제조업
산업,10891,커피 가공업
산업,10892,차류 가공업
산업,10893,수프 및 균질화식품 제조업
산업,10894,두부 및 유사 식품 제조업
산업,10895,인삼식품 제조업
산업,10896,건강 보조용 액화식품 제조업
산업,10897,건강 기능식품 제조업
산업,10899,그 외 기타 식료품 제조업
산업,109,동물용 사료 및 조제식품 제조업
산업,1090,동물용 사료 및 조제식품 제조업
산업,10901,반려동물용 사료 제조업
산업,10902,배합 사료 제조업
산업,10903,단미사료 및 기타 사료 제조업
산업,11,음료 제조업
산업,111,알코올 음료 제조업
산업,1111,발효주 제조업
산업,11111,탁주 및 약주 제조업
산업,11112,맥아 및 맥주 제조업
산업,11119,기타 발효주 제조업
산업,1112,증류주 및 합성주 제조업
산업,11121,주정 제조업
산업,11122,소주 제조업
산업,11129,기타 증류주 및 합성주 제조업
산업,112,비알코올 음료 및 얼음 제조업
산업,1120,비알코올 음료 및 얼음 제조업
산업,11201,얼음 제조업
산업,11202,생수 생산업
산업,11209,기타 비알코올 음료 제조업
산업,12,담배 제조업
산업,120,담배 제조업
산업,1200,담배 제조업
산업,12000,담배제품 제조업
산업,13,섬유제품 제조업; 의복 제외
산업,131,방적 및 가공사 제조업
산업,1310,방적 및 가공사 제조업
산업,13101,면 방적업
산업,13102,모 방적업
산업,13103,화학섬유 방적업
산업,13104,연사 및 가공사 제조업
산업,13109,기타 방적업
산업,132,직물 직조 및 직물제품 제조업
산업,1321,직물 직조업
산업,13211,면직물 직조업
산업,13212,모직물 직조업
산업,13213,화학섬유직물 직조업
산업,13219,특수직물 및 기타 직물 직조업
산업,1322,직물제품 제조업
산업,13221,침구 및 관련제품 제조업
산업,13222,자수제품 및 자수용 재료 제조업
산업,13223,커튼 및 유사 제품 제조업
산업,13224,"천막, 텐트 및 유사 제품 제조업"
산업,13225,직물포대 제조업
산업,13229,기타 직물제품 제조업
산업,133,편조 원단 제조업
산업,1330,편조 원단 제조업
산업,13300,편조 원단 제조업
산업,134,"섬유제품 염색, 정리 및 마무리 가공업"
산업,1340,"섬유제품 염색, 정리 및 마무리 가공업"
산업,13401,솜 및 실 염색 가공업
산업,13402,"직물, 편조 원단 및 의복류 염색 가공업"
산업,13403,날염 가공업
산업,13409,섬유제품 기타 정리 및 마무리 가공업
산업,139,기타 섬유제품 제조업
산업,1391,"카펫, 마루덮개 및 유사 제품 제조업"
산업,13910,"카펫, 마루덮개 및 유사 제품 제조업"
산업,1392,"끈, 로프, 망 및 끈 가공품 제조업"
산업,13921,끈 및 로프 제조업
산업,13922,어망 및 기타 끈 가공품 제조업
산업,1399,그 외 기타 섬유제품 제조업
산업,13991,세폭직물 제조업
산업,13992,부직포 및 펠트 제조업
산업,13993,특수사 및 코드직물 제조업
산업,13994,표면처리 및 적층 직물 제조업
산업,13999,그 외 기타 분류 안된 섬유제품 제조업
산업,14,"의복, 의복 액세서리 및 모피제품 제조업"
산업,141,봉제의복 제조업
산업,1411,겉옷 제조업
산업,14111,남자용 겉옷 제조업
산업,14112,여자용 겉옷 제조업
산업,1412,속옷 및 잠옷 제조업
산업,14120,속옷 및 잠옷 제조업
산업,1413,한복 제조업
산업,14130,한복 제조업
산업,1419,기타 봉제의복 제조업
산업,14191,셔츠 및 블라우스 제조업
산업,14192,"근무복, 작업복 및 유사 의복 제조업"
산업,14193,가죽의복 제조업
산업,14194,유아용 의복 제조업
산업,14199,그 외 기타 봉제의복 제조업
산업,142,모피제품 제조업
산업,1420,모피제품 제조업
산업,14200,모피제품 제조업
산업,143,편조의복 제조업
산업,1430,편조의복 제조업
산업,14300,편조의복 제조업
산업,144,의복 액세서리 제조업
산업,1441,편조 의복 액세서리 제조업
산업,14411,스타킹 및 기타양말 제조업
산업,14419,기타 편조 의복 액세서리 제조업
산업,1449,기타 의복 액세서리 제조업
산업,14491,모자 제조업
산업,14499,그 외 기타 의복 액세서리 제조업
산업,15,"가죽, 가방 및 신발 제조업"
산업,151,"가죽, 가방 및 유사 제품 제조업"
산업,1511,모피 및 가죽 제조업
산업,15110,모피 및 가죽 제조업
산업,1512,"핸드백, 가방 및 기타 보호용 케이스 제조업"
산업,15121,핸드백 및 지갑 제조업
산업,15129,가방 및 기타 보호용 케이스 제조업
산업,1519,기타 가죽제품 제조업
산업,15190,기타 가죽제품 제조업
산업,152,신발 및 신발 부분품 제조업
산업,1521,신발 제조업
산업,15211,구두류 제조업
산업,15219,기타 신발 제조업
산업,1522,신발 부분품 제조업
산업,15220,신발 부분품 제조업
산업,16,목재 및 나무제품 제조업; 가구 제외
산업,161,제재 및 목재 가공업
산업,1610,제재 및 목재 가공업
산업,16101,일반 제재업
산업,16102,표면 가공목재 및 특정 목적용 제재목 제조업
산업,16103,"목재 보존, 방부처리, 도장 및 유사 처리업"
산업,162,나무제품 제조업
산업,1621,"박판, 합판 및 강화 목제품 제조업"
산업,16211,"박판, 합판 및 유사 적층판 제조업"
산업,16212,강화 및 재생 목재 제조업
산업,1622,건축용 나무제품 제조업
산업,16221,목재 문 및 관련제품 제조업
산업,16229,기타 건축용 나무제품 제조업
산업,1623,"목재 상자, 드럼 및 적재판 제조업"
산업,16231,목재 깔판류 및 기타 적재판 제조업
산업,16232,"목재 포장용 상자, 드럼 및 유사 용기 제조업"
산업,1629,기타 나무제품 제조업
산업,16291,목재 도구 및 주방용 나무제품 제조업
산업,16292,장식용 목제품 제조업
산업,16299,그 외 기타 나무제품 제조업
산업,163,코르크 및 조물 제품 제조업
산업,1630,코르크 및 조물 제품 제조업
산업,16300,코르크 및 조물 제품 제조업
산업,17,"펄프, 종이 및 종이제품 제조업"
산업,171,"펄프, 종이 및 판지 제조업"
산업,1710,"펄프, 종이 및 판지 제조업"
산업,17101,펄프 제조업
산업,17102,신문용지 제조업
산업,17103,인쇄용 및 필기용 원지 제조업
산업,17104,골판지 원지 제조업
산업,17105,크라프트지 및 기타 상자용 판지 제조업
산업,17106,위생용 원지 제조업
산업,17109,기타 종이 및 판지 제조업
산업,172,"골판지, 종이 상자 및 종이 용기 제조업"
산업,1721,골판지 및 골판지 가공제품 제조업
산업,17211,골판지 제조업
산업,17212,골판지 상자 및 가공제품 제조업
산업,1722,"종이 포대, 판지 상자 및 종이 용기 제조업"
산업,17221,종이 포대 및 가방 제조업
산업,17222,판지 상자 및 용기 제조업
산업,17223,식품 위생용 종이 상자 및 용기 제조업
산업,17229,기타 종이 상자 및 용기 제조업
산업,179,기타 종이 및 판지 제품 제조업
산업,1790,기타 종이 및 판지 제품 제조업
산업,17901,문구용 종이제품 제조업
산업,17902,위생용 종이제품 제조업
산업,17903,벽지 및 장판지 제조업
산업,17904,"적층, 합성 및 특수 표면처리 종이 제조업"
산업,17909,그 외 기타 종이 및 판지 제품 제조업
산업,18,인쇄 및 기록매체 복제업
산업,181,인쇄 및 인쇄관련 산업
산업,1811,인쇄업
산업,18111,경 인쇄업
산업,18112,스크린 인쇄업
산업,18113,오프셋 인쇄업
산업,18119,기타 인쇄업
산업,1812,인쇄관련 산업
산업,18121,제판 및 조판업
산업,18122,제책업
산업,18129,기타 인쇄관련 산업
산업,182,기록매체 복제업
산업,1820,기록매체 복제업
산업,18200,기록매체 복제업
산업,19,"코크스, 연탄 및 석유정제품 제조업"
산업,191,코크스 및 연탄 제조업
산업,1910,코크스 및 연탄 제조업
산업,19100,코크스 및 연탄 제조업
산업,192,석유 정제품 제조업
산업,1921,원유 정제처리업
산업,19210,원유 정제처리업
산업,1922,석유 정제물 재처리업
산업,19221,윤활유 및 그리스 제조업
산업,19229,기타 석유 정제물 재처리업
산업,20,화학 물질 및 화학제품 제조업; 의약품 제외
산업,201,기초 화학물질 제조업
산업,2011,기초 유기화학 물질 제조업
산업,20111,석유화학계 기초 화학 물질 제조업
산업,20112,바이오매스계 기초 화학물질 제조업
산업,20119,기타 기초 유기화학 물질 제조업
산업,2012,기초 무기화학 물질 제조업
산업,20121,수소 제조업
산업,20122,"산소, 질소 및 기타 산업용 가스 제조업"
산업,20129,기타 기초 무기화학 물질 제조업
산업,2013,"무기 안료, 염료, 유연제 및 기타 착색제 제조업"
산업,20131,무기 안료용 금속 산화물 및 관련 제품 제조업
산업,20132,"염료, 조제 무기 안료, 유연제 및 기타 착색제 제조업"
산업,202,합성고무 및 플라스틱 물질 제조업
산업,2020,합성고무 및 플라스틱 물질 제조업
산업,20201,합성고무 제조업
산업,20202,합성수지 및 기타 플라스틱 물질 제조업
산업,20203,혼성 및 재생 플라스틱 소재 물질 제조업
산업,203,"비료, 농약 및 살균·살충제 제조업"
산업,2031,비료 및 질소 화합물 제조업
산업,20311,"질소 화합물, 질소·인산 및 칼리질 화학비료 제조업"
산업,20312,복합비료 및 기타 화학비료 제조업
산업,20313,유기질 비료 및 상토 제조업
산업,2032,살균·살충제 및 농약 제조업
산업,20321,화학 살균·살충제 및 농업용 약제 제조업
산업,20322,생물 살균·살충제 및 식물보호제 제조업
산업,204,기타 화학제품 제조업
산업,2041,"잉크, 페인트, 코팅제 및 유사제품 제조업"
산업,20411,일반용 도료 및 관련제품 제조업
산업,20412,요업용 도포제 및 관련제품 제조업
산업,20413,인쇄 잉크 및 회화용 물감 제조업
산업,2042,"세제, 화장품 및 광택제 제조업"
산업,20421,계면활성제 제조업
산업,20422,"치약, 비누 및 기타 세제 제조업"
산업,20423,화장품 제조업
산업,20424,표면 광택제 및 실내 가향제 제조업
산업,2049,그 외 기타 화학제품 제조업
산업,20491,감광 재료 및 관련 화학제품 제조업
산업,20492,가공 및 정제염 제조업
산업,20493,접착제 및 젤라틴 제조업
산업,20494,화약 및 불꽃제품 제조업
산업,20495,바이오 연료 및 혼합물 제조업
산업,20499,그 외 기타 분류 안된 화학제품 제조업
산업,205,화학섬유 제조업
산업,2050,화학섬유 제조업
산업,20501,합성섬유 제조업
산업,20502,재생 섬유 제조업
산업,21,의료용 물질 및 의약품 제조업
산업,211,기초 의약 물질 제조업
산업,2110,기초 의약 물질 제조업
산업,21100,기초 의약 물질 제조업
산업,212,의약품 제조업
산업,2121,완제 의약품 제조업
산업,21211,생물 의약품 제조업
산업,21212,합성의약품 및 기타 완제 의약품 제조업
산업,2122,한의약품 제조업
산업,21220,한의약품 제조업
산업,2123,동물용 의약품 제조업
산업,21230,동물용 의약품 제조업
산업,213,의료용품 및 기타 의약 관련제품 제조업
산업,2130,의료용품 및 기타 의약 관련제품 제조업
산업,21301,체외 진단 시약 제조업
산업,21309,그 외 기타 의료용품 및 의약 관련제품 제조업
산업,22,고무 및 플라스틱제품 제조업
산업,221,고무제품 제조업
산업,2211,고무 타이어 및 튜브 제조업
산업,22110,고무 타이어 및 튜브 제조업
산업,2219,기타 고무제품 제조업
산업,22191,고무 패킹류 제조업
산업,22192,산업용 그 외 비경화 고무제품 제조업
산업,22193,고무 의류 및 기타 위생용 비경화 고무제품 제조업
산업,22199,그 외 기타 고무제품 제조업
산업,222,플라스틱 제품 제조업
산업,2221,1차 플라스틱제품 제조업
산업,22211,"플라스틱 선, 봉, 관 및 호스 제조업"
산업,22212,플라스틱 필름 제조업
산업,22213,플라스틱 시트 및 판 제조업
산업,22214,플라스틱 합성피혁 제조업
산업,2222,건축용 플라스틱제품 제조업
산업,22221,벽 및 바닥 피복용 플라스틱 제품 제조업
산업,22222,설치용 및 위생용 플라스틱제품 제조업
산업,22223,플라스틱 창호 제조업
산업,22229,기타 건축용 플라스틱 조립제품 제조업
산업,2223,포장용 플라스틱제품 제조업
산업,22231,"플라스틱 포대, 봉투 및 유사제품 제조업"
산업,22232,포장용 플라스틱 성형용기 제조업
산업,2224,기계장비 조립용 플라스틱제품 제조업
산업,22241,운송장비 조립용 플라스틱제품 제조업
산업,22249,기타 기계·장비 조립용 플라스틱제품 제조업
산업,2225,플라스틱 발포 성형제품 제조업
산업,22251,폴리스티렌 발포 성형제품 제조업
산업,22259,기타 플라스틱 발포 성형제품 제조업
산업,2229,기타 플라스틱 제품 제조업
산업,22291,플라스틱 접착처리 제품 제조업
산업,22292,"플라스틱 적층, 도포 및 기타 표면처리 제품 제조업"
산업,22299,그 외 기타 플라스틱 제품 제조업
산업,23,비금속 광물제품 제조업
산업,231,유리 및 유리제품 제조업
산업,2311,판유리 및 판유리 가공품 제조업
산업,23111,판유리 제조업
산업,23112,안전유리 제조업
산업,23119,기타 판유리 가공품 제조업
산업,2312,산업용 유리 제조업
산업,23121,"1차 유리제품, 유리섬유 및 광학용 유리 제조업"
산업,23122,디스플레이 장치용 유리 제조업
산업,23129,기타 산업용 유리제품 제조업
산업,2319,기타 유리제품 제조업
산업,23191,가정용 유리제품 제조업
산업,23192,포장용 유리용기 제조업
산업,23199,그 외 기타 유리제품 제조업
산업,232,"내화, 비내화 요업제품 제조업"
산업,2321,내화 요업제품 제조업
산업,23211,정형 내화 요업제품 제조업
산업,23212,부정형 내화 요업제품 제조업
산업,2322,비내화 일반 도자기 제조업
산업,23221,가정용 및 장식용 도자기 제조업
산업,23222,위생용 및 산업용 도자기 제조업
산업,23229,기타 일반 도자기 제조업
산업,2323,건축용 비내화 요업제품 제조업
산업,23231,"점토 벽돌, 블록 및 유사 비내화 요업제품 제조업"
산업,23232,타일 및 유사 비내화 요업제품 제조업
산업,23239,기타 건축용 비내화 요업제품 제조업
산업,233,"시멘트, 석회, 플라스터 및 그 제품 제조업"
산업,2331,"시멘트, 석회 및 플라스터 제조업"
산업,23311,시멘트 제조업
산업,23312,석회 및 플라스터 제조업
산업,2332,"콘크리트, 레미콘 및 기타 시멘트, 플라스터 제품 제조업"
산업,23321,비내화 모르타르 제조업
산업,23322,레미콘 제조업
산업,23323,플라스터 혼합제품 제조업
산업,23324,"콘크리트 타일, 기와, 벽돌 및 블록 제조업"
산업,23325,콘크리트 관 및 기타 구조용 콘크리트제품 제조업
산업,23326,인조대리석 제품 제조업
산업,23329,그 외 기타 콘크리트 제품 및 유사 제품 제조업
산업,239,기타 비금속 광물제품 제조업
산업,2391,석제품 제조업
산업,23911,건설용 석제품 제조업
산업,23919,기타 석제품 제조업
산업,2399,그 외 기타 비금속 광물제품 제조업
산업,23991,아스팔트 콘크리트 및 혼합제품 제조업
산업,23992,연마재 제조업
산업,23993,비금속광물 분쇄물 생산업
산업,23994,암면 및 유사 제품 제조업
산업,23995,탄소섬유 제조업
산업,23999,그 외 기타 분류 안된 비금속 광물제품 제조업
산업,24,1차 금속 제조업
산업,241,1차 철강 제조업
산업,2411,"제철, 제강 및 합금철 제조업"
산업,24111,제철업
산업,24112,제강업
산업,24113,합금철 제조업
산업,24119,기타 제철 및 제강업
산업,2412,"철강 압연, 압출 및 연신제품 제조업"
산업,24121,열간 압연 및 압출제품 제조업
산업,24122,냉간 압연 및 압출 제품 제조업
산업,24123,철강선 제조업
산업,2413,철강관 제조업
산업,24131,주철관 제조업
산업,24132,강관 제조업
산업,24133,강관 가공품 및 관 연결구류 제조업
산업,2419,기타 1차 철강 제조업
산업,24191,"도금, 착색 및 기타 표면 처리 강재 제조업"
산업,24199,그 외 기타 1차 철강 제조업
산업,242,1차 비철금속 제조업
산업,2421,"비철금속 제련, 정련 및 합금 제조업"
산업,24211,"동 제련, 정련 및 합금 제조업"
산업,24212,"알루미늄 제련, 정련 및 합금 제조업"
산업,24213,"연 및 아연 제련, 정련 및 합금 제조업"
산업,24219,"기타 비철금속 제련, 정련 및 합금 제조업"
산업,2422,"비철금속 압연, 압출 및 연신제품 제조업"
산업,24221,"동 압연, 압출 및 연신제품 제조업"
산업,24222,"알루미늄 압연, 압출 및 연신제품 제조업"
산업,24229,"기타 비철금속 압연, 압출 및 연신제품 제조업"
산업,2429,기타 1차 비철금속 제조업
산업,24290,기타 1차 비철금속 제조업
산업,243,금속 주조업
산업,2431,철강 주조업
산업,24311,선철 주물 주조업
산업,24312,강 주물 주조업
산업,2432,비철금속 주조업
산업,24321,알루미늄 주물 주조업
산업,24329,기타 비철금속 주조업
산업,25,금속 가공제품 제조업; 기계 및 가구 제외
산업,251,"구조용 금속제품, 탱크 및 증기발생기 제조업"
산업,2511,구조용 금속제품 제조업
산업,25111,"금속 문, 창, 셔터 및 관련제품 제조업"
산업,25112,구조용 금속 판제품 및 공작물 제조업
산업,25113,육상 금속 골조 구조재 제조업
산업,25114,수상 금속 골조 구조재 제조업
산업,25119,기타 구조용 금속제품 제조업
산업,2512,"산업용 난방 보일러, 금속탱크 및 유사 용기 제조업"
산업,25121,산업용 난방보일러 및 방열기 제조업
산업,25122,금속 탱크 및 저장 용기 제조업
산업,25123,압축 및 액화 가스 용기 제조업
산업,2513,핵반응기 및 증기보일러 제조업
산업,25130,핵반응기 및 증기보일러 제조업
산업,252,무기 및 총포탄 제조업
산업,2520,무기 및 총포탄 제조업
산업,25200,무기 및 총포탄 제조업
산업,259,기타 금속 가공제품 제조업
산업,2591,"금속 단조, 압형 및 분말 야금제품 제조업"
산업,25911,분말 야금제품 제조업
산업,25912,금속 단조제품 제조업
산업,25913,자동차용 금속 압형제품 제조업
산업,25914,그 외 금속 압형제품 제조업
산업,2592,"금속 열처리, 도금 및 기타 금속 가공업"
산업,25921,금속 열처리업
산업,25922,도금업
산업,25923,도장 및 기타 피막 처리업
산업,25924,절삭 가공 및 유사 처리업
산업,25929,그 외 기타 금속 가공업
산업,2593,"날붙이, 수공구 및 일반 철물 제조업"
산업,25931,날붙이 제조업
산업,25932,일반 철물 제조업
산업,25933,비동력식 수공구 제조업
산업,25934,톱 및 호환성 공구 제조업
산업,2594,"금속 파스너, 스프링 및 금속선 가공제품 제조업"
산업,25941,볼트 및 너트류 제조업
산업,25942,그 외 금속 파스너 및 나사제품 제조업
산업,25943,금속 스프링 제조업
산업,25944,금속선 가공제품 제조업
산업,2599,그 외 기타 금속 가공제품 제조업
산업,25991,금속 캔 및 기타 포장용기 제조업
산업,25992,수동식 식품 가공 기기 및 금속 주방용기 제조업
산업,25993,금속 위생용품 제조업
산업,25994,금속 표시판 제조업
산업,25995,피복 및 충전 용접봉 제조업
산업,25999,그 외 기타 분류 안된 금속 가공제품 제조업
산업,26,"전자 부품, 컴퓨터, 영상, 음향 및 통신장비 제조업"
산업,261,반도체 제조업
산업,2611,전자집적회로 제조업
산업,26111,메모리용 전자집적회로 제조업
산업,26112,비메모리용 및 기타 전자집적회로 제조업
산업,2612,"다이오드, 트랜지스터 및 유사 반도체 소자 제조업"
산업,26121,발광 다이오드 제조업
산업,26129,기타 반도체 소자 제조업
산업,262,전자 부품 제조업
산업,2621,표시장치 제조업
산업,26211,액정 표시장치 제조업
산업,26212,유기 발광 표시장치 제조업
산업,26219,기타 표시장치 제조업
산업,2622,인쇄회로기판 및 전자부품 실장기판 제조업
산업,26221,인쇄회로기판용 적층판 제조업
산업,26222,경성 인쇄회로기판 제조업
산업,26223,연성 및 기타 인쇄회로기판 제조업
산업,26224,전자 부품 실장기판 제조업
산업,2629,기타 전자 부품 제조업
산업,26291,전자 축전기 제조업
산업,26292,전자 저항기 및 전자카드 제조업
산업,26293,"전자코일, 변성기 및 기타 전자 유도자 제조업"
산업,26294,전자 감지장치 제조업
산업,26299,그 외 기타 전자 부품 제조업
산업,263,컴퓨터 및 주변 장치 제조업
산업,2631,컴퓨터 제조업
산업,26310,컴퓨터 제조업
산업,2632,기억 장치 및 주변 기기 제조업
산업,26321,기억 장치 제조업
산업,26322,컴퓨터 모니터 제조업
산업,26323,컴퓨터 프린터 제조업
산업,26329,기타 주변 기기 제조업
산업,264,통신 및 방송장비 제조업
산업,2641,유선 통신장비 제조업
산업,26410,유선 통신장비 제조업
산업,2642,방송 및 무선 통신장비 제조업
산업,26421,방송장비 제조업
산업,26422,이동 전화기 제조업
산업,26429,기타 무선 통신장비 제조업
산업,265,영상 및 음향 기기 제조업
산업,2651,"텔레비전, 비디오 및 기타 영상 기기 제조업"
산업,26511,텔레비전 제조업
산업,26519,비디오 및 기타 영상 기기 제조업
산업,2652,"오디오, 스피커 및 기타 음향 기기 제조업"
산업,26521,"라디오, 녹음 및 재생 기기 제조업"
산업,26529,기타 음향기기 제조업
산업,266,마그네틱 및 광학 매체 제조업
산업,2660,마그네틱 및 광학 매체 제조업
산업,26600,마그네틱 및 광학 매체 제조업
산업,27,"의료, 정밀, 광학 기기 및 시계 제조업"
산업,271,의료용 기기 제조업
산업,2711,방사선 장치 및 전기식 진단 기기 제조업
산업,27111,방사선 장치 제조업
산업,27112,전기식 진단 및 요법 기기 제조업
산업,2719,기타 의료용 기기 제조업
산업,27191,치과용 기기 제조업
산업,27192,치과기공물 제조업
산업,27193,치과용 임플란트 제조업
산업,27194,정형 외과용 및 신체 보정용 기기 제조업
산업,27195,안경 및 안경렌즈 제조업
산업,27196,의료용 가구 제조업
산업,27199,그 외 기타 의료용 기기 제조업
산업,272,"측정, 시험, 항해, 제어 및 기타 정밀 기기 제조업; 광학 기기 제외"
산업,2721,"측정, 시험, 항해, 제어 및 기타 정밀 기기 제조업"
산업,27211,"레이더, 항행용 무선 기기 및 측량 기구 제조업"
산업,27212,"전자기 측정, 시험 및 분석 기구 제조업"
산업,27213,"물질 검사, 측정 및 분석 기구 제조업"
산업,27214,속도계 및 적산계기 제조업
산업,27215,기기용 자동 측정 및 제어장치 제조업
산업,27216,산업 처리공정 제어장비 제조업
산업,27219,"기타 측정, 시험, 항해, 제어 및 정밀 기기 제조업"
산업,2722,시계 및 시계 부품 제조업
산업,27220,시계 및 시계 부품 제조업
산업,273,사진장비 및 광학 기기 제조업
산업,2730,사진장비 및 광학기기 제조업
산업,27301,광학 렌즈 및 광학 요소 제조업
산업,27309,기타 광학 기기 및 사진기 제조업
산업,28,전기장비 제조업
산업,281,"전동기, 발전기 및 전기 변환·공급·제어 장치 제조업"
산업,2811,"전동기, 발전기 및 전기 변환장치 제조업"
산업,28111,전동기 및 발전기 제조업
산업,28112,변압기 제조업
산업,28113,에너지 저장장치 제조업
산업,28119,기타 전기 변환장치 제조업
산업,2812,전기 공급 및 제어장치 제조업
산업,28121,"전기회로 개폐, 보호 장치 제조업"
산업,28122,전기회로 접속장치 제조업
산업,28123,배전반 및 전기 자동제어반 제조업
산업,282,일차전지 및 이차전지 제조업
산업,2820,일차전지 및 이차전지 제조업
산업,28201,일차전지 제조업
산업,28202,운송장비용 이차전지 제조업
산업,28209,기타 이차전지 제조업
산업,283,절연선 및 케이블 제조업
산업,2830,절연선 및 케이블 제조업
산업,28301,광섬유 케이블 제조업
산업,28302,기타 절연선 및 케이블 제조업
산업,28303,절연 코드세트 및 기타 도체 제조업
산업,284,전구 및 조명장치 제조업
산업,2841,전구 및 램프 제조업
산업,28410,전구 및 램프 제조업
산업,2842,조명장치 제조업
산업,28421,운송장비용 조명장치 제조업
산업,28422,일반용 전기 조명장치 제조업
산업,28423,전시 및 광고용 조명장치 제조업
산업,28429,기타 조명장치 제조업
산업,285,가정용 기기 제조업
산업,2851,가정용 전기 기기 제조업
산업,28511,주방용 전기 기기 제조업
산업,28512,가정용 전기 난방기기 제조업
산업,28519,기타 가정용 전기 기기 제조업
산업,2852,가정용 비전기식 조리 및 난방 기구 제조업
산업,28520,가정용 비전기식 조리 및 난방 기구 제조업
산업,289,기타 전기장비 제조업
산업,2890,기타 전기장비 제조업
산업,28901,전기 경보 및 신호장치 제조업
산업,28902,전기용 탄소제품 및 절연제품 제조업
산업,28903,교통 신호장치 제조업
산업,28909,그 외 기타 전기장비 제조업
산업,29,기타 기계 및 장비 제조업
산업,291,일반 목적용 기계 제조업
산업,2911,내연기관 및 터빈 제조업; 항공기용 및 차량용 제외
산업,29111,내연기관 제조업
산업,29119,기타 기관 및 터빈 제조업
산업,2912,유압 기기 제조업
산업,29120,유압 기기 제조업
산업,2913,"펌프 및 압축기 제조업; 탭, 밸브 및 유사 장치 제조 포함"
산업,29131,액체 펌프 제조업
산업,29132,기체 펌프 및 압축기 제조업
산업,29133,"탭, 밸브 및 유사 장치 제조업"
산업,2914,"베어링, 기어 및 동력 전달장치 제조업"
산업,29141,구름베어링 제조업
산업,29142,기어 및 동력전달장치 제조업
산업,2915,"산업용 오븐, 노 및 노용 버너 제조업"
산업,29150,"산업용 오븐, 노 및 노용 버너 제조업"
산업,2916,"산업용 트럭, 승강기 및 물품 취급장비 제조업"
산업,29161,산업용 트럭 및 적재기 제조업
산업,29162,승강기 제조업
산업,29163,컨베이어 장치 제조업
산업,29169,기타 물품 취급장비 제조업
산업,2917,"냉각, 공기 조화, 여과, 증류 및 가스 발생기 제조업"
산업,29171,산업용 냉장 및 냉동장비 제조업
산업,29172,가정용 및 산업용 공기 조화장치 제조업
산업,29173,운송장비용 공기 조화장치 제조업
산업,29174,산업용 송풍기 및 배기장치 제조업
산업,29175,기체 여과기 제조업
산업,29176,액체 여과기 제조업
산업,29177,"증류기, 열 교환기 및 가스 발생기 제조업"
산업,2918,사무용 기계 및 장비 제조업
산업,29180,사무용 기계 및 장비 제조업
산업,2919,기타 일반 목적용 기계 제조업
산업,29191,"용기 세척, 포장 및 충전기 제조업"
산업,29192,분사기 및 소화기 제조업
산업,29193,동력식 수지 공구 제조업
산업,29199,그 외 기타 일반 목적용 기계 제조업
산업,292,특수 목적용 기계 제조업
산업,2921,농업 및 임업용 기계 제조업
산업,29210,농업 및 임업용 기계 제조업
산업,2922,가공 공작기계 제조업
산업,29221,전자 응용 절삭기계 제조업
산업,29222,디지털 적층 성형기계 제조업
산업,29223,금속 절삭기계 제조업
산업,29224,금속 성형기계 제조업
산업,29229,기타 가공 공작기계 제조업
산업,2923,금속 주조 및 기타 야금용 기계 제조업
산업,29230,금속 주조 및 기타 야금용 기계 제조업
산업,2924,건설 및 광업용 기계장비 제조업
산업,29241,건설 및 채광용 기계장비 제조업
산업,29242,광물 처리 및 취급장비 제조업
산업,2925,음·식료품 및 담배 가공기계 제조업
산업,29250,음·식료품 및 담배 가공기계 제조업
산업,2926,"섬유, 의복 및 가죽 가공기계 제조업"
산업,29261,"산업용 섬유 세척, 염색, 정리 및 가공 기계 제조업"
산업,29269,"기타 섬유, 의복 및 가죽 가공기계 제조업"
산업,2927,반도체 및 디스플레이 제조용 기계 제조업
산업,29271,반도체 제조용 기계 제조업
산업,29272,디스플레이 제조용 기계 제조업
산업,2928,산업용 로봇 제조업
산업,29280,산업용 로봇 제조업
산업,2929,기타 특수 목적용 기계 제조업
산업,29291,"고무, 화학섬유 및 플라스틱 성형기 제조업"
산업,29292,인쇄 및 제책용 기계 제조업
산업,29293,주형 및 금형 제조업
산업,29299,그 외 기타 특수 목적용 기계 제조업
산업,30,자동차 및 트레일러 제조업
산업,301,자동차용 엔진 및 자동차 제조업
산업,3011,자동차용 엔진 제조업
산업,30110,자동차용 엔진 제조업
산업,3012,자동차 제조업
산업,30121,내연기관 승용차 및 기타 여객용 자동차 제조업
산업,30122,전기 승용차 및 기타 여객용 전기 자동차 제조업
산업,30123,내연기관 화물 자동차 및 특수 목적용 자동차 제조업
산업,30124,전기 화물 자동차 및 특수 목적용 전기 자동차 제조업
산업,302,자동차 차체 및 트레일러 제조업
산업,3020,자동차 차체 및 트레일러 제조업
산업,30201,차체 및 특장차 제조업
산업,30202,자동차 구조 및 장치 변경업
산업,30203,트레일러 및 세미 트레일러 제조업
산업,303,자동차 신품 부품 제조업
산업,3031,자동차 엔진용 신품 부품 제조업
산업,30310,자동차 엔진용 신품 부품 제조업
산업,3032,자동차 차체용 신품 부품 제조업
산업,30320,자동차 차체용 신품 부품 제조업
산업,3033,자동차용 신품 동력 전달장치 및 전기장치 제조업
산업,30331,자동차용 신품 동력 전달장치 제조업
산업,30332,자동차용 신품 전기장치 제조업
산업,3039,자동차용 기타 신품 부품 제조업
산업,30391,자동차용 신품 조향장치 및 현가장치 제조업
산업,30392,자동차용 신품 제동장치 제조업
산업,30393,자동차용 신품 의자 제조업
산업,30399,그 외 자동차용 신품 부품 제조업
산업,304,자동차 재제조 부품 제조업
산업,3040,자동차 재제조 부품 제조업
산업,30400,자동차 재제조 부품 제조업
산업,31,기타 운송장비 제조업
산업,311,선박 및 보트 건조업
산업,3111,선박 및 수상 부유 구조물 건조업
산업,31111,강선 건조업
산업,31112,합성수지선 건조업
산업,31113,기타 선박 건조업
산업,31114,선박 구성 부분품 제조업
산업,3112,오락 및 스포츠용 보트 건조업
산업,31120,오락 및 스포츠용 보트 건조업
산업,312,철도장비 제조업
산업,3120,철도장비 제조업
산업,31201,기관차 및 기타 철도 차량 제조업
산업,31202,철도 차량 부품 및 관련 장치물 제조업
산업,313,"항공기, 우주선 및 부품 제조업"
산업,3131,"항공기, 우주선 및 보조장치 제조업"
산업,31311,"유인 항공기, 항공 우주선 및 보조장치 제조업"
산업,31312,무인 항공기 및 무인 비행장치 제조업
산업,3132,항공기용 엔진 및 부품 제조업
산업,31321,항공기용 엔진 제조업
산업,31322,항공기용 부품 제조업
산업,319,그 외 기타 운송장비 제조업
산업,3191,전투용 차량 제조업
산업,31910,전투용 차량 제조업
산업,3192,모터사이클 제조업 및 개인용 전기식 이동수단 제조업
산업,31921,모터사이클 제조업
산업,31922,개인용 전기식 이동수단 제조업
산업,3199,그 외 기타 분류 안된 운송장비 제조업
산업,31991,자전거 및 환자용 차량 제조업
산업,31999,그 외 기타 달리 분류되지 않은 운송장비 제조업
산업,32,가구 제조업
산업,320,가구 제조업
산업,3201,침대 및 내장 가구 제조업
산업,32011,매트리스 및 침대 제조업
산업,32019,소파 및 기타 내장 가구 제조업
산업,3202,목재 가구 제조업
산업,32021,주방용 및 음식점용 목재 가구 제조업
산업,32029,기타 목재 가구 제조업
산업,3209,기타 가구 제조업
산업,32091,금속 가구 제조업
산업,32099,그 외 기타 가구 제조업
산업,33,기타 제품 제조업
산업,331,귀금속 및 장신용품 제조업
산업,3311,귀금속 및 관련제품 제조업
산업,33110,귀금속 및 관련제품 제조업
산업,3312,모조 귀금속 및 모조 장신용품 제조업
산업,33120,모조 귀금속 및 모조 장신용품 제조업
산업,332,악기 제조업
산업,3320,악기 제조업
산업,33201,건반 악기 제조업
산업,33209,기타 악기 및 전자 악기 제조업
산업,333,운동 및 경기용구 제조업
산업,3330,운동 및 경기용구 제조업
산업,33301,"체조, 육상 및 체력 단련용 장비 제조업"
산업,33302,놀이터용 장비 제조업
산업,33303,낚시 및 수렵용구 제조업
산업,33309,기타 운동 및 경기용구 제조업
산업,334,"인형, 장난감 및 오락용품 제조업"
산업,3340,"인형, 장난감 및 오락용품 제조업"
산업,33401,인형 및 장난감 제조업
산업,33402,영상게임기 제조업
산업,33409,기타 오락용품 제조업
산업,339,그 외 기타 제품 제조업
산업,3391,간판 및 광고물 제조업
산업,33910,간판 및 광고물 제조업
산업,3392,사무 및 회화용품 제조업
산업,33920,사무 및 회화용품 제조업
산업,3393,"가발, 장식용품 및 전시용 모형 제조업"
산업,33931,가발 및 유사 제품 제조업
산업,33932,전시용 모형 제조업
산업,33933,표구 처리업
산업,3399,그 외 기타 분류 안된 제품 제조업
산업,33991,단추 및 유사 파스너 제조업
산업,33992,"라이터, 연소물 및 흡연용품 제조업"
산업,33993,비 및 솔 제조업
산업,33999,그 외 기타 달리 분류되지 않은 제품 제조업
산업,34,산업용 기계 및 장비 수리업
산업,340,산업용 기계 및 장비 수리업
산업,3401,일반 기계류 수리업
산업,34011,건설·광업용 기계 및 장비 수리업
산업,34019,기타 일반 기계 및 장비 수리업
산업,3402,전기·전자 및 정밀 기기 수리업
산업,34020,전기·전자 및 정밀 기기 수리업
산업,35,"전기, 가스, 증기 및 공기 조절 공급업"
산업,351,전기업
산업,3511,발전업
산업,35111,원자력 발전업
산업,35112,수력 발전업
산업,35113,화력 발전업
산업,35114,태양력 발전업
산업,35115,풍력 발전업
산업,35119,기타 발전업
산업,3512,송전 및 배전업
산업,35120,송전 및 배전업
산업,3513,전기 판매업
산업,35130,전기 판매업
산업,352,연료용 가스 제조 및 배관공급업
산업,3520,연료용 가스 제조 및 배관공급업
산업,35200,연료용 가스 제조 및 배관공급업
산업,353,"증기, 냉·온수 및 공기 조절 공급업"
산업,3530,"증기, 냉·온수 및 공기 조절 공급업"
산업,35300,"증기, 냉·온수 및 공기 조절 공급업"
산업,36,수도업
산업,360,수도업
산업,3601,생활용수 공급업
산업,36010,생활용수 공급업
산업,3602,산업용수 공급업
산업,36020,산업용수 공급업
산업,37,"하수, 폐수 및 분뇨 처리업"
산업,370,"하수, 폐수 및 분뇨 처리업"
산업,3701,하수 및 폐수 처리업
산업,37011,하수 처리업
산업,37012,폐수 처리업
산업,3702,분뇨 처리업
산업,37021,사람 분뇨 처리업
산업,37022,축산 분뇨 처리업
산업,38,"폐기물 수집, 운반, 처리 및 원료 재생업"
산업,381,"폐기물 수집, 운반업"
산업,3811,"지정 외 폐기물 수집, 운반업"
산업,38110,"지정 외 폐기물 수집, 운반업"
산업,3812,"지정 폐기물 수집, 운반업"
산업,38120,"지정 폐기물 수집, 운반업"
산업,3813,"건설 폐기물 수집, 운반업"
산업,38130,"건설 폐기물 수집, 운반업"
산업,382,폐기물 처리업
산업,3821,지정 외 폐기물 처리업
산업,38210,지정 외 폐기물 처리업
산업,3822,지정 폐기물 처리업
산업,38220,지정 폐기물 처리업
산업,3823,건설 폐기물 처리업
산업,38230,건설 폐기물 처리업
산업,3824,"방사성 폐기물 수집, 운반 및 처리업"
산업,38240,"방사성 폐기물 수집, 운반 및 처리업"
산업,383,"해체, 선별 및 원료 재생업"
산업,3831,"금속류 해체, 선별 및 원료 재생업"
산업,38311,금속류 해체 및 선별업
산업,38312,금속류 원료 재생업
산업,3832,"비금속류 해체, 선별 및 원료 재생업"
산업,38321,비금속류 해체 및 선별업
산업,38322,비금속류 원료 재생업
산업,39,환경 정화 및 복원업
산업,390,환경 정화 및 복원업
산업,3900,환경 정화 및 복원업
산업,39001,토양 및 지하수 정화업
산업,39009,기타 환경 정화 및 복원업
산업,41,종합 건설업
산업,411,건물 건설업
산업,4111,주거용 건물 건설업
산업,41111,단독 주택 건설업
산업,41112,아파트 건설업
산업,41119,기타 공동 주택 건설업
산업,4112,비주거용 건물 건설업
산업,41121,사무·상업용 및 공공기관용 건물 건설업
산업,41122,제조업 및 유사 산업용 건물 건설업
산업,41129,기타 비주거용 건물 건설업
산업,412,토목 건설업
산업,4121,지반조성 건설업
산업,41210,지반조성 건설업
산업,4122,토목 시설물 건설업
산업,41221,도로 건설업
산업,41222,"교량, 터널 및 철도 건설업"
산업,41223,"항만, 수로, 댐 및 유사 구조물 건설업"
산업,41224,환경설비 건설업
산업,41225,산업 생산시설 종합 건설업
산업,41226,조경 건설업
산업,41229,기타 토목 시설물 건설업
산업,42,전문직별 공사업
산업,421,기반조성 및 시설물 축조관련 전문공사업
산업,4211,건물 및 구축물 해체 공사업
산업,42110,건물 및 구축물 해체 공사업
산업,4212,기반조성 관련 전문공사업
산업,42121,토공사업
산업,42122,"보링, 그라우팅 및 관정 공사업"
산업,42123,파일공사 및 축조관련 기초 공사업
산업,42129,기타 기반조성 관련 전문공사업
산업,4213,"철골, 철근 및 콘크리트 공사업"
산업,42131,철골 및 관련 구조물 공사업
산업,42132,콘크리트 및 철근 공사업
산업,4219,기타 시설물 축조 관련 전문공사업
산업,42191,조적 및 석공사업
산업,42192,포장 공사업
산업,42193,철도 궤도 전문공사업
산업,42194,수중 공사업
산업,42195,비계 및 형틀 공사업
산업,42196,"지붕, 내·외벽 축조 관련 전문공사업"
산업,42199,기타 옥외 시설물 축조관련 전문공사업
산업,422,건물설비 설치 공사업
산업,4220,건물설비 설치 공사업
산업,42201,배관 및 냉·난방 공사업
산업,42202,건물용 기계·장비 설치 공사업
산업,42203,승강설비 설치 공사업
산업,42204,"방음, 방진 및 내화 공사업"
산업,42205,소방시설 공사업
산업,42209,기타 건물 관련설비 설치 공사업
산업,423,전기 및 통신 공사업
산업,4231,전기 공사업
산업,42311,일반 전기 공사업
산업,42312,내부 전기배선 공사업
산업,4232,통신 공사업
산업,42321,일반 통신 공사업
산업,42322,내부 통신배선 공사업
산업,424,실내건축 및 건축마무리 공사업
산업,4241,"도장, 도배 및 내장 공사업"
산업,42411,도장 공사업
산업,42412,"도배, 실내 장식 및 내장 목공사업"
산업,4242,유리 및 창호 공사업
산업,42420,유리 및 창호 공사업
산업,4249,기타 건축 마무리 공사업
산업,42491,"미장, 타일 및 방수 공사업"
산업,42492,건물용 금속 공작물 설치 공사업
산업,42499,그 외 기타 건축 마무리 공사업
산업,425,시설물 유지관리 공사업
산업,4250,시설물 유지관리 공사업
산업,42500,시설물 유지관리 공사업
산업,426,건설장비 운영업
산업,4260,건설장비 운영업
산업,42600,건설장비 운영업
산업,45,자동차 및 부품 판매업
산업,451,자동차 판매업
산업,4511,자동차 신품 판매업
산업,45110,자동차 신품 판매업
산업,4512,중고 자동차 판매업
산업,45120,중고 자동차 판매업
산업,452,자동차 부품 및 내장품 판매업
산업,4521,자동차 신품 부품 및 내장품 판매업
산업,45211,자동차 신품 타이어 및 튜브 판매업
산업,45212,자동차용 전용 신품 부품 판매업
산업,45213,자동차 내장용 신품 전기·전자·정밀기기 판매업
산업,45219,기타 자동차 신품 부품 및 내장품 판매업
산업,4522,자동차 중고 부품 및 내장품 판매업
산업,45220,자동차 중고 부품 및 내장품 판매업
산업,453,모터사이클 및 부품 판매업
산업,4530,모터사이클 및 부품 판매업
산업,45301,모터사이클 및 부품 도매업
산업,45302,모터사이클 및 부품 소매업
산업,46,도매 및 상품 중개업
산업,461,상품 중개업
산업,4610,상품 중개업
산업,46101,"산업용 농·축산물, 섬유 원료 및 동물 중개업"
산업,46102,음·식료품 및 담배 중개업
산업,46103,"섬유, 의복, 신발 및 가죽제품 중개업"
산업,46104,목재 및 건축자재 중개업
산업,46105,"연료, 광물, 1차 금속, 비료 및 화학제품 중개업"
산업,46106,기계 및 장비 중개업
산업,46107,그 외 기타 특정 상품 중개업
산업,46109,상품 종합 중개업
산업,462,산업용 농·축산물 및 동·식물 도매업
산업,4620,산업용 농·축산물 및 동·식물 도매업
산업,46201,곡물 및 유지작물 도매업
산업,46202,종자 및 묘목 도매업
산업,46203,사료 도매업
산업,46204,화훼류 및 식물 도매업
산업,46205,육지 동물 및 반려 동물 도매업
산업,46209,기타 산업용 농산물 도매업
산업,463,음·식료품 및 담배 도매업
산업,4631,신선 식품 및 단순 가공 식품 도매업
산업,46311,과실류 도매업
산업,46312,"채소류, 서류 및 향신작물류 도매업"
산업,46313,육류 도매업
산업,46314,건어물 및 젓갈류 도매업
산업,46315,"신선, 냉동 및 기타 수산물 도매업"
산업,46319,기타 신선 식품 및 단순 가공 식품 도매업
산업,4632,가공식품 도매업
산업,46321,육류 가공식품 도매업
산업,46322,수산물 가공식품 도매업
산업,46323,"빵류, 과자류, 당류, 초콜릿 도매업"
산업,46324,낙농품 및 동·식물성 유지 도매업
산업,46325,커피 및 차류 도매업
산업,46326,조미료 도매업
산업,46329,기타 가공식품 도매업
산업,4633,음료 및 담배 도매업
산업,46331,주류 도매업
산업,46332,비알코올 음료 도매업
산업,46333,담배 도매업
산업,464,생활용품 도매업
산업,4641,"생활용 섬유제품, 의복, 의복 액세서리 및 모피제품 도매업"
산업,46411,생활용 섬유 및 실 도매업
산업,46412,커튼 및 침구용품 도매업
산업,46413,남녀용 겉옷 및 셔츠 도매업
산업,46414,유아용 의류 도매업
산업,46415,속옷 및 잠옷 도매업
산업,46416,가죽 및 모피 제품 도매업
산업,46417,의복 액세서리 및 모조 장신구 도매업
산업,46419,기타 생활용 섬유 및 직물 제품 도매업
산업,4642,신발 도매업
산업,46420,신발 도매업
산업,4643,"생활용 가구, 조명기구 및 비전기식 생활용기기 도매업"
산업,46431,생활용 가구 도매업
산업,46432,"전구, 램프 및 조명장치 도매업"
산업,46433,생활용 유리·요업·목재·금속 제품 및 날붙이 도매업
산업,46439,기타 비전기식 생활용 기기 및 기구 도매업
산업,4644,"의약품, 의료용품 및 화장품 도매업"
산업,46441,의약품 도매업
산업,46442,의료용품 도매업
산업,46443,화장품 및 화장용품 도매업
산업,46444,비누 및 세정제 도매업
산업,4645,"생활용 포장·위생용품, 문구용품 및 출판 인쇄물 도매업"
산업,46451,"생활용 포장 및 위생용품, 봉투 및 유사 제품 도매업"
산업,46452,"문구용품, 회화용품, 사무용품 도매업"
산업,46453,"서적, 잡지 및 기타 인쇄물 도매업"
산업,4646,"음반 및 비디오물, 악기, 오락 및 경기용품 도매업"
산업,46461,음반 및 비디오물 도매업
산업,46462,악기 도매업
산업,46463,"장난감 및 취미, 오락용품 도매업"
산업,46464,운동 및 경기용품 도매업
산업,46465,자전거 및 기타 운송장비 도매업
산업,4649,"가방, 시계, 안경 및 기타 생활용품 도매업"
산업,46491,가방 및 보호용 케이스 도매업
산업,46492,시계 및 귀금속 제품 도매업
산업,46493,"안경, 사진장비 및 광학용품 도매업"
산업,46499,그 외 기타 생활용품 도매업
산업,465,기계장비 및 관련 물품 도매업
산업,4651,"컴퓨터 및 주변장치, 소프트웨어 도매업"
산업,46510,"컴퓨터 및 주변장치, 소프트웨어 도매업"
산업,4652,"가전제품, 통신장비 및 부품 도매업"
산업,46521,가전제품 및 부품 도매업
산업,46522,통신·방송장비 및 부품 도매업
산업,4653,산업용 기계 및 장비 도매업
산업,46531,농림업용 기계 및 장비 도매업
산업,46532,건설·광업용 기계 및 장비 도매업
산업,46533,공작용 기계 및 장비 도매업
산업,46539,기타 산업용 기계 및 장비 도매업
산업,4659,기타 기계 및 장비 도매업
산업,46591,사무용 가구 및 기기 도매업
산업,46592,의료 기기 도매업
산업,46593,정밀 기기 및 과학 기기 도매업
산업,46594,수송용 운송장비 도매업
산업,46595,전기용 기계·장비 및 관련 기자재 도매업
산업,46596,전지 및 케이블 도매업
산업,46599,그 외 기타 기계 및 장비 도매업
산업,466,"건축 자재, 철물 및 난방장치 도매업"
산업,4661,일반 건축자재 도매업
산업,46611,원목 및 건축관련 목제품 도매업
산업,46612,"골재, 벽돌 및 시멘트 도매업"
산업,46613,유리 및 창호 도매업
산업,4662,"냉·난방장치 및 철물, 수공구 도매업"
산업,46621,배관 및 냉·난방장치 도매업
산업,46622,"철물, 금속 파스너 및 수공구 도매업"
산업,4669,기타 건축자재 도매업
산업,46691,도료 도매업
산업,46692,벽지 및 장판류 도매업
산업,46699,그 외 기타 건축자재 도매업
산업,467,기타 전문 도매업
산업,4671,"연료, 연료용 광물 및 관련제품 도매업"
산업,46711,고체 연료 및 관련제품 도매업
산업,46712,액체 연료 및 관련제품 도매업
산업,46713,기체 연료 및 관련제품 도매업
산업,4672,1차 금속제품 및 금속광물 도매업
산업,46721,1차 금속제품 도매업
산업,46722,금속광물 도매업
산업,4673,화학 물질 및 화학제품 도매업
산업,46731,"염료, 안료 및 관련제품 도매업"
산업,46732,비료 및 농약 도매업
산업,46733,플라스틱 물질 및 합성고무 도매업
산업,46739,기타 화학 물질 및 화학제품 도매업
산업,4674,"방직용 섬유, 실 및 직물 도매업"
산업,46741,방직용 섬유 및 실 도매업
산업,46742,직물 도매업
산업,4675,"종이 원지, 판지, 종이상자 도매업"
산업,46750,"종이 원지, 판지, 종이상자 도매업"
산업,4679,재생용 재료 및 기타 상품 전문 도매업
산업,46791,재생용 재료 수집 및 판매업
산업,46799,그 외 기타 상품 전문 도매업
산업,468,상품 종합 도매업
산업,4680,상품 종합 도매업
산업,46800,상품 종합 도매업
산업,47,소매업; 자동차 제외
산업,471,종합 소매업
산업,4711,대형 종합 소매업
산업,47111,백화점
산업,47112,대형 마트
산업,47119,기타 대형 종합 소매업
산업,4712,음·식료품 위주 종합 소매업
산업,47121,슈퍼마켓
산업,47122,체인화 편의점
산업,47129,기타 음·식료품 위주 종합 소매업
산업,4713,면세점
산업,47130,면세점
산업,4719,그 외 기타 종합 소매업
산업,47190,그 외 기타 종합 소매업
산업,472,음·식료품 및 담배 소매업
산업,4721,신선식품 및 단순 가공식품 소매업
산업,47211,"곡물, 곡분 및 가축 사료 소매업"
산업,47212,육류 소매업
산업,47213,건어물 및 젓갈류 소매업
산업,47214,"신선, 냉동 및 기타 수산물 소매업"
산업,47215,"채소, 과실 및 뿌리작물 소매업"
산업,47219,기타 신선식품 및 단순 가공식품 소매업
산업,4722,가공식품 소매업
산업,47221,"빵류, 과자류 및 당류 소매업"
산업,47222,건강 보조식품 소매업
산업,47223,조리 반찬류 소매업
산업,47229,기타 가공식품 소매업
산업,4723,음료 및 담배 소매업
산업,47231,음료 소매업
산업,47232,담배 소매업
산업,473,가전제품 및 정보 통신장비 소매업
산업,4731,"컴퓨터 및 주변장치, 소프트웨어 및 통신기기 소매업"
산업,47311,"컴퓨터 및 주변장치, 소프트웨어 소매업"
산업,47312,통신기기 소매업
산업,4732,가전제품 소매업
산업,47320,가전제품 소매업
산업,474,"섬유, 의복, 신발 및 가죽제품 소매업"
산업,4741,의복 소매업
산업,47411,남자용 겉옷 소매업
산업,47412,여자용 겉옷 소매업
산업,47413,속옷 및 잠옷 소매업
산업,47414,셔츠 및 블라우스 소매업
산업,47415,한복 소매업
산업,47416,가죽 및 모피 의복 소매업
산업,47417,유아용 의류 소매업
산업,47419,기타 의복 소매업
산업,4742,"섬유, 직물 및 의복 액세서리 소매업"
산업,47421,가정용 직물제품 소매업
산업,47422,의복 액세서리 및 모조 장신구 소매업
산업,47429,"섬유 원단, 실 및 기타 섬유제품 소매업"
산업,4743,신발 소매업
산업,47430,신발 소매업
산업,4744,가방 및 기타 가죽제품 소매업
산업,47440,가방 및 기타 가죽제품 소매업
산업,475,기타 생활용품 소매업
산업,4751,"철물, 공구, 창호 및 건설자재 소매업"
산업,47511,철물 및 난방용구 소매업
산업,47512,공구 소매업
산업,47513,"벽지, 마루덮개 및 장판류 소매업"
산업,47519,"페인트, 창호 및 기타 건설자재 소매업"
산업,4752,가구 소매업
산업,47520,가구 소매업
산업,4759,그 외 기타 가정용품 소매업
산업,47591,전기용품 및 조명장치 소매업
산업,47592,"주방용품 및 가정용 유리, 요업제품 소매업"
산업,47593,악기 소매업
산업,47599,그 외 기타 분류 안된 가정용품 소매업
산업,476,"문화, 오락 및 여가 용품 소매업"
산업,4761,서적 및 문구용품 소매업
산업,47611,"서적, 신문 및 잡지류 소매업"
산업,47612,문구용품 및 회화용품 소매업
산업,4762,음반 및 비디오물 소매업
산업,47620,음반 및 비디오물 소매업
산업,4763,운동용품 및 자전거 소매업
산업,47631,운동 및 경기용품 소매업
산업,47632,자전거 및 기타 운송장비 소매업
산업,4764,"게임용구, 인형 및 장난감 소매업"
산업,47640,"게임용구, 인형 및 장난감 소매업"
산업,477,연료 소매업
산업,4771,운송장비용 연료 소매업
산업,47711,운송장비용 주유소 운영업
산업,47712,운송장비용 수소 충전업
산업,47713,운송장비용 기타 가스 충전업
산업,4772,가정용 연료 소매업
산업,47721,가정용 고체 연료 소매업
산업,47722,가정용 액체 연료 소매업
산업,47723,가정용 가스 연료 소매업
산업,478,기타 상품 전문 소매업
산업,4781,"의약품, 의료용 기구, 화장품 및 방향제 소매업"
산업,47811,의약품 및 의료용품 소매업
산업,47812,의료용 기구 소매업
산업,47813,"화장품, 비누 및 방향제 소매업"
산업,4782,"사무용 기기, 안경, 사진장비 및 정밀기기 소매업"
산업,47821,사무용 기기 소매업
산업,47822,안경 및 렌즈 소매업
산업,47823,사진기 및 사진용품 소매업
산업,47829,기타 광학 및 정밀 기기 소매업
산업,4783,시계 및 귀금속 소매업
산업,47830,시계 및 귀금속 소매업
산업,4784,"예술품, 기념품 및 장식용품 소매업"
산업,47841,예술품 및 골동품 소매업
산업,47842,"기념품, 관광 민예품 및 장식용품 소매업"
산업,4785,그 외 기타 상품 전문 소매업
산업,47851,화초 및 식물 소매업
산업,47852,반려용 동물 및 관련용품 소매업
산업,47859,그 외 기타 분류 안된 상품 전문 소매업
산업,4786,중고 상품 소매업
산업,47861,중고 가구 소매업
산업,47862,중고 가전제품 및 통신장비 소매업
산업,47869,기타 중고 상품 소매업
산업,479,무점포 소매업
산업,4791,통신 판매업
산업,47911,전자상거래 소매 중개업
산업,47912,전자상거래 소매업
산업,47919,기타 통신 판매업
산업,4792,노점 및 유사 이동 소매업
산업,47920,노점 및 유사 이동 소매업
산업,4799,기타 무점포 소매업
산업,47991,자동 판매기 운영업
산업,47992,계약배달 판매업
산업,47993,방문 판매업
산업,47999,그 외 기타 무점포 소매업
산업,49,육상 운송 및 파이프라인 운송업
산업,491,철도 운송업
산업,4910,철도 운송업
산업,49101,철도 여객 운송업
산업,49102,철도 화물 운송업
산업,492,육상 여객 운송업
산업,4921,도시 정기 육상 여객 운송업
산업,49211,도시철도 운송업
산업,49212,시내버스 운송업
산업,49219,기타 도시 정기 육상 여객 운송업
산업,4922,시외버스 운송업
산업,49220,시외버스 운송업
산업,4923,부정기 육상 여객 운송업
산업,49231,택시 운송업
산업,49232,전세버스 운송업
산업,49233,특수 여객 자동차 운송업
산업,49239,기타 부정기 여객 육상 운송업
산업,493,도로 화물 운송업
산업,4930,도로 화물 운송업
산업,49301,일반 화물 자동차 운송업
산업,49302,개인 화물 자동차 운송업
산업,49309,기타 도로 화물 운송업
산업,494,소화물 전문 운송업
산업,4940,소화물 전문 운송업
산업,49401,택배업
산업,49402,늘찬 배달업
산업,495,파이프라인 운송업
산업,4950,파이프라인 운송업
산업,49500,파이프라인 운송업
산업,50,수상 운송업
산업,501,해상 운송업
산업,5011,외항 운송업
산업,50111,외항 여객 운송업
산업,50112,외항 화물 운송업
산업,5012,내항 운송업
산업,50121,내항 여객 운송업
산업,50122,내항 화물 운송업
산업,5013,기타 해상 운송업
산업,50130,기타 해상 운송업
산업,502,내륙 수상 및 항만 내 운송업
산업,5020,내륙 수상 및 항만 내 운송업
산업,50201,항만 내 여객 운송업
산업,50209,기타 내륙 수상 여객 및 화물 운송업
산업,51,항공 운송업
산업,511,항공 여객 운송업
산업,5110,항공 여객 운송업
산업,51100,항공 여객 운송업
산업,512,항공 화물 운송업
산업,5120,항공 화물 운송업
산업,51200,항공 화물 운송업
산업,52,창고 및 운송관련 서비스업
산업,521,보관 및 창고업
산업,5210,보관 및 창고업
산업,52101,일반 창고업
산업,52102,냉장 및 냉동 창고업
산업,52103,농산물 창고업
산업,52104,위험 물품 보관업
산업,52109,기타 보관 및 창고업
산업,529,기타 운송관련 서비스업
산업,5291,육상 운송 지원 서비스업
산업,52911,철도 운송 지원 서비스업
산업,52912,여객 자동차 터미널 운영업
산업,52913,물류 터미널 운영업
산업,52914,도로 및 관련시설 운영업
산업,52915,주차장 운영업
산업,52919,기타 육상 운송지원 서비스업
산업,5292,수상 운송 지원 서비스업
산업,52921,항구 및 기타 해상 터미널 운영업
산업,52922,선박관리업
산업,52929,기타 수상 운송 지원 서비스업
산업,5293,항공 운송 지원 서비스업
산업,52931,공항 운영업
산업,52939,기타 항공 운송지원 서비스업
산업,5294,화물 취급업
산업,52941,항공 및 육상 화물 취급업
산업,52942,수상 화물 취급업
산업,5299,그 외 기타 운송관련 서비스업
산업,52991,통관 대리 및 관련서비스업
산업,52992,"화물 운송 중개, 대리 및 관련 서비스업"
산업,52993,"화물 포장, 검수 및 계량 서비스업"
산업,52999,그 외 기타 분류 안된 운송관련 서비스업
산업,55,숙박업
산업,551,일반 및 생활 숙박시설 운영업
산업,5510,일반 및 생활 숙박시설 운영업
산업,55101,호텔업
산업,55102,여관업
산업,55103,휴양 콘도 운영업
산업,55104,민박업
산업,55105,야영장업
산업,55109,기타 일반 및 생활 숙박시설 운영업
산업,559,기타 숙박업
산업,5590,기타 숙박업
산업,55901,기숙사 및 고시원 운영업
산업,55909,그 외 기타 숙박업
산업,56,음식점 및 주점업
산업,561,음식점업
산업,5611,한식 음식점업
산업,56111,한식 일반 음식점업
산업,56112,한식 면 요리 전문점
산업,56113,한식 육류 요리 전문점
산업,56114,한식 해산물 요리 전문점
산업,5612,외국식 음식점업
산업,56121,중식 음식점업
산업,56122,일식 음식점업
산업,56123,서양식 음식점업
산업,56129,기타 외국식 음식점업
산업,5613,기관 구내식당업
산업,56130,기관 구내식당업
산업,5614,출장 및 이동 음식점업
산업,56141,출장 음식 서비스업
산업,56142,이동 음식점업
산업,5615,제과점업
산업,56150,제과점업
산업,5616,"피자, 햄버거 및 치킨 전문점"
산업,56161,"피자, 햄버거, 샌드위치 및 유사 음식점업"
산업,56162,치킨 전문점
산업,5619,김밥 및 기타 간이 음식점업
산업,56191,김밥 및 기타 간이 음식점업
산업,56199,간이 음식 포장 판매 전문점
산업,562,주점 및 비알코올 음료점업
산업,5621,주점업
산업,56211,일반 유흥 주점업
산업,56212,무도 유흥 주점업
산업,56213,생맥주 전문점
산업,56219,기타 주점업
산업,5622,비알코올 음료점업
산업,56221,커피 전문점
산업,56229,기타 비알코올 음료점업
산업,58,출판업
산업,581,"서적, 잡지 및 기타 인쇄물 출판업"
산업,5811,서적 출판업
산업,58111,교과서 및 학습 서적 출판업
산업,58112,만화 출판업
산업,58113,일반 서적 출판업
산업,5812,"신문, 잡지 및 정기 간행물 출판업"
산업,58121,신문 발행업
산업,58122,잡지 및 정기 간행물 발행업
산업,58123,정기 광고 간행물 발행업
산업,5819,기타 인쇄물 출판업
산업,58190,기타 인쇄물 출판업
산업,582,소프트웨어 개발 및 공급업
산업,5821,게임 소프트웨어 개발 및 공급업
산업,58211,유선 온라인 게임 소프트웨어 개발 및 공급업
산업,58212,모바일 게임 소프트웨어 개발 및 공급업
산업,58219,기타 게임 소프트웨어 개발 및 공급업
산업,5822,시스템·응용 소프트웨어 개발 및 공급업
산업,58221,시스템 소프트웨어 개발 및 공급업
산업,58222,응용 소프트웨어 개발 및 공급업
산업,59,영상·오디오 기록물 제작 및 배급업
산업,591,"영화, 비디오물, 방송 프로그램 제작 및 배급업"
산업,5911,"영화, 비디오물 및 방송 프로그램 제작업"
산업,59111,일반 영화 및 비디오물 제작업
산업,59112,애니메이션 영화 및 비디오물 제작업
산업,59113,광고 영화 및 비디오물 제작업
산업,59114,방송 프로그램 제작업
산업,5912,"영화, 비디오물 및 방송 프로그램 제작 관련 서비스업"
산업,59120,"영화, 비디오물 및 방송 프로그램 제작 관련 서비스업"
산업,5913,"영화, 비디오물 및 방송 프로그램 배급업"
산업,59130,"영화, 비디오물 및 방송 프로그램 배급업"
산업,5914,영화 및 비디오물 상영업
산업,59141,영화관 운영업
산업,59142,비디오물 감상실 운영업
산업,592,오디오물 출판 및 원판 녹음업
산업,5920,오디오물 출판 및 원판 녹음업
산업,59201,음악 및 기타 오디오물 출판업
산업,59202,녹음시설 운영업
산업,60,방송 및 영상·오디오물 제공 서비스업
산업,601,라디오 방송업
산업,6010,라디오 방송업
산업,60100,라디오 방송업
산업,602,텔레비전 방송업
산업,6021,지상파 방송업
산업,60210,지상파 방송업
산업,6022,"유선, 위성 및 기타 방송업"
산업,60221,프로그램 공급업
산업,60222,유선 방송업
산업,60229,위성 및 기타 방송업
산업,603,영상·오디오물 제공 서비스업
산업,6031,영상물 제공 서비스업
산업,60310,영상물 제공 서비스업
산업,6032,오디오물 제공 서비스업
산업,60320,오디오물 제공 서비스업
산업,61,우편 및 통신업
산업,611,공영 우편업
산업,6110,공영 우편업
산업,61100,공영 우편업
산업,612,전기 통신업
산업,6121,유선 통신업
산업,61210,유선 통신업
산업,6122,무선 및 위성 통신업
산업,61220,무선 및 위성 통신업
산업,6129,기타 전기 통신업
산업,61291,통신 재판매업
산업,61299,그 외 기타 전기 통신업
산업,62,"컴퓨터 프로그래밍, 시스템 통합 및 관리업"
산업,620,"컴퓨터 프로그래밍, 시스템 통합 및 관리업"
산업,6201,컴퓨터 프로그래밍 서비스업
산업,62010,컴퓨터 프로그래밍 서비스업
산업,6202,"컴퓨터 시스템 통합 자문, 구축 및 관리업"
산업,62021,컴퓨터 시스템 통합 자문 및 구축 서비스업
산업,62022,컴퓨터시설 관리업
산업,6209,기타 정보 기술 및 컴퓨터 운영 관련 서비스업
산업,62090,기타 정보 기술 및 컴퓨터 운영 관련 서비스업
산업,63,정보서비스업
산업,631,"자료 처리, 호스팅, 포털 및 기타 인터넷 정보 매개 서비스업"
산업,6311,"자료 처리, 호스팅 및 관련 서비스업"
산업,63111,자료 처리업
산업,63112,호스팅 및 관련 서비스업
산업,6312,포털 및 기타 인터넷 정보 매개 서비스업
산업,63120,포털 및 기타 인터넷 정보 매개 서비스업
산업,639,기타 정보 서비스업
산업,6391,뉴스 제공업
산업,63910,뉴스 제공업
산업,6399,그 외 기타 정보 서비스업
산업,63991,데이터베이스 및 온라인 정보 제공업
산업,63992,가상자산 매매 및 중개업
산업,63999,그 외 기타 정보 서비스업
산업,64,금융업
산업,641,은행 및 저축기관
산업,6411,중앙은행
산업,64110,중앙은행
산업,6412,일반은행
산업,64121,국내은행
산업,64122,외국은행
산업,6413,신용조합 및 저축기관
산업,64131,신용조합
산업,64132,상호 저축은행 및 기타 저축기관
산업,642,신탁업 및 집합 투자업
산업,6420,신탁업 및 집합 투자업
산업,64201,신탁업 및 집합 투자업
산업,64209,기타 금융 투자업
산업,649,기타 금융업
산업,6491,여신 금융업
산업,64911,금융 리스업
산업,64912,개발 금융기관
산업,64913,신용카드 및 할부 금융업
산업,64919,그 외 기타 여신 금융업
산업,6499,그 외 기타 금융업
산업,64991,기금 운영업
산업,64992,지주회사
산업,64999,그 외 기타 분류 안된 금융업
산업,65,보험업
산업,651,보험업
산업,6511,생명보험업
산업,65110,생명보험업
산업,6512,손해 및 보증보험업
산업,65121,손해보험업
산업,65122,보증보험업
산업,652,재보험업
산업,6520,재보험업
산업,65200,재보험업
산업,653,공제업
산업,6530,공제업
산업,65301,개인 공제업
산업,65302,사업 공제업
산업,66,금융 및 보험관련 서비스업
산업,661,금융 지원 서비스업
산업,6611,금융시장 관리업
산업,66110,금융시장 관리업
산업,6612,증권 및 선물 중개업
산업,66121,증권 중개업
산업,66122,선물 중개업
산업,6619,기타 금융 지원 서비스업
산업,66191,"증권 발행, 관리, 보관 및 거래 지원 서비스업"
산업,66192,투자 자문업 및 투자 일임업
산업,66199,그 외 기타 금융 지원 서비스업
산업,662,보험 및 연금관련 서비스업
산업,6620,보험 및 연금관련 서비스업
산업,66201,손해 사정업
산업,66202,보험 대리 및 중개업
산업,66209,기타 보험 및 연금관련 서비스업
산업,68,부동산업
산업,681,부동산 임대 및 공급업
산업,6811,부동산 임대업
산업,68111,주거용 건물 임대업
산업,68112,비주거용 건물 임대업
산업,68119,기타 부동산 임대업
산업,6812,부동산 개발 및 공급업
산업,68121,주거용 건물 개발 및 공급업
산업,68122,비주거용 건물 개발 및 공급업
산업,68129,기타 부동산 개발 및 공급업
산업,682,부동산관련 서비스업
산업,6821,부동산 관리업
산업,68211,주거용 부동산 관리업
산업,68212,비주거용 부동산 관리업
산업,6822,"부동산 중개, 자문 및 감정 평가업"
산업,68221,부동산 중개 및 대리업
산업,68222,부동산 투자 자문업
산업,68223,부동산 감정 평가업
산업,68224,부동산 분양 대행업
산업,70,연구개발업
산업,701,자연과학 및 공학 연구개발업
산업,7011,자연과학 연구개발업
산업,70111,"물리, 화학 및 생물학 연구개발업"
산업,70112,농림수산학 및 수의학 연구개발업
산업,70113,의학 및 약학 연구개발업
산업,70119,기타 자연과학 연구개발업
산업,7012,공학 연구개발업
산업,70121,전기·전자공학 연구개발업
산업,70129,기타 공학 연구개발업
산업,7013,자연과학 및 공학 융합 연구개발업
산업,70130,자연과학 및 공학 융합 연구개발업
산업,702,인문 및 사회과학 연구개발업
산업,7020,인문 및 사회과학 연구개발업
산업,70201,경제 및 경영학 연구개발업
산업,70209,기타 인문 및 사회과학 연구개발업
산업,71,전문 서비스업
산업,711,법무관련 서비스업
산업,7110,법무관련 서비스업
산업,71101,변호사업
산업,71102,변리사업
산업,71103,법무사업
산업,71109,기타 법무관련 서비스업
산업,712,회계 및 세무관련 서비스업
산업,7120,회계 및 세무관련 서비스업
산업,71201,공인회계사업
산업,71202,세무사업
산업,71209,기타 회계 관련 서비스업
산업,713,광고업
산업,7131,광고 대행업
산업,71310,광고 대행업
산업,7139,기타 광고업
산업,71391,옥외 광고업
산업,71392,"광고물 문안, 도안, 설계 등 작성업"
산업,71399,그 외 기타 광고 관련 서비스업
산업,714,시장 조사 및 여론 조사업
산업,7140,시장 조사 및 여론 조사업
산업,71400,시장 조사 및 여론 조사업
산업,715,회사 본부 및 경영 컨설팅 서비스업
산업,7151,회사 본부
산업,71511,제조업 회사 본부
산업,71519,기타 산업 회사본부
산업,7153,경영 컨설팅 및 공공 관계 서비스업
산업,71531,경영 컨설팅업
산업,71532,공공관계 서비스업
산업,716,기타 전문 서비스업
산업,7160,기타 전문 서비스업
산업,71600,기타 전문 서비스업
산업,72,"건축 기술, 엔지니어링 및 기타 과학기술 서비스업"
산업,721,"건축 기술, 엔지니어링 및 관련 기술 서비스업"
산업,7211,건축 및 조경 설계 서비스업
산업,72111,건축 설계 및 관련 서비스업
산업,72112,도시 계획 및 조경 설계 서비스업
산업,7212,엔지니어링 서비스업
산업,72121,건물 및 토목 엔지니어링 서비스업
산업,72122,환경 관련 엔지니어링 서비스업
산업,72129,기타 엔지니어링 서비스업
산업,729,기타 과학기술 서비스업
산업,7291,"기술 시험, 검사 및 분석업"
산업,72911,물질 성분 검사 및 분석업
산업,72919,"기타 기술 시험, 검사 및 분석업"
산업,7292,"측량, 지질 조사 및 지도 제작업"
산업,72921,측량업
산업,72922,제도업
산업,72923,지질 조사·탐사 및 지도 제작업
산업,73,"기타 전문, 과학 및 기술 서비스업"
산업,731,수의업
산업,7310,수의업
산업,73100,수의업
산업,732,전문 디자인업
산업,7320,전문 디자인업
산업,73201,인테리어 디자인업
산업,73202,제품 디자인업
산업,73203,시각 디자인업
산업,73209,"패션, 섬유류 및 기타 전문 디자인업"
산업,733,사진 촬영 및 처리업
산업,7330,사진 촬영 및 처리업
산업,73301,인물 사진 및 행사용 영상 촬영업
산업,73302,상업용 사진 촬영업
산업,73303,사진 처리업
산업,739,"그 외 기타 전문, 과학 및 기술 서비스업"
산업,7390,"그 외 기타 전문, 과학 및 기술 서비스업"
산업,73901,매니저업
산업,73902,번역 및 통역 서비스업
산업,73903,사업 및 무형 재산권 중개업
산업,73904,"물품 감정, 계량 및 견본 추출업"
산업,73905,고고유산 조사연구 서비스업
산업,73909,"그 외 기타 분류 안된 전문, 과학 및 기술 서비스업"
산업,74,사업시설 관리 및 조경 서비스업
산업,741,사업시설 유지·관리 서비스업
산업,7410,사업시설 유지·관리 서비스업
산업,74100,사업시설 유지·관리 서비스업
산업,742,건물·산업설비 청소 및 방제 서비스업
산업,7421,건물 및 산업설비 청소업
산업,74211,건축물 일반 청소업
산업,74212,"산업설비, 운송장비 및 공공장소 청소업"
산업,7422,"소독, 구충 및 방제 서비스업"
산업,74220,"소독, 구충 및 방제 서비스업"
산업,743,조경관리 및 유지 서비스업
산업,7430,조경관리 및 유지 서비스업
산업,74300,조경관리 및 유지 서비스업
산업,75,사업 지원 서비스업
산업,751,고용 알선 및 인력 공급업
산업,7511,고용 알선업
산업,75110,고용 알선업
산업,7512,인력 공급업
산업,75121,임시 및 일용 인력 공급업
산업,75122,상용 인력 공급 및 인사관리 서비스업
산업,752,여행사 및 기타 여행 보조 서비스업
산업,7521,여행사업
산업,75210,여행사업
산업,7529,기타 여행 보조 및 예약 서비스업
산업,75290,기타 여행 보조 및 예약 서비스업
산업,753,"경비, 경호 및 탐정업"
산업,7531,경비 및 경호 서비스업
산업,75310,경비 및 경호 서비스업
산업,7532,보안 시스템 서비스업
산업,75320,보안 시스템 서비스업
산업,7533,탐정 및 조사 서비스업
산업,75330,탐정 및 조사 서비스업
산업,759,기타 사업 지원 서비스업
산업,7591,사무 지원 서비스업
산업,75911,문서 작성 및 복사업
산업,75919,기타 사무 지원 서비스업
산업,7599,그 외 기타 사업 지원 서비스업
산업,75991,콜센터 및 텔레마케팅 서비스업
산업,75992,"전시, 컨벤션 및 행사 대행업"
산업,75993,신용 조사 및 추심 대행업
산업,75994,포장 및 충전업
산업,75995,온라인 활용 마케팅 및 관련 사업지원 서비스업
산업,75999,그 외 기타 분류 안된 사업 지원 서비스업
산업,76,임대업; 부동산 제외
산업,761,운송장비 임대업
산업,7611,자동차 임대업
산업,76110,자동차 임대업
산업,7619,기타 운송장비 임대업
산업,76190,기타 운송장비 임대업
산업,762,개인 및 가정용품 임대업
산업,7621,스포츠 및 레크리에이션 용품 임대업
산업,76210,스포츠 및 레크리에이션 용품 임대업
산업,7622,음반 및 비디오물 임대업
산업,76220,음반 및 비디오물 임대업
산업,7629,기타 개인 및 가정용품 임대업
산업,76291,서적 임대업
산업,76292,의류 임대업
산업,76299,그 외 기타 개인 및 가정용품 임대업
산업,763,산업용 기계 및 장비 임대업
산업,7631,건설 및 토목공사용 기계·장비 임대업
산업,76310,건설 및 토목공사용 기계·장비 임대업
산업,7632,컴퓨터 및 사무용 기계·장비 임대업
산업,76320,컴퓨터 및 사무용 기계·장비 임대업
산업,7639,기타 산업용 기계 및 장비 임대업
산업,76390,기타 산업용 기계 및 장비 임대업
산업,764,무형 재산권 임대업
산업,7640,무형 재산권 임대업
산업,76400,무형 재산권 임대업
산업,84,"공공 행정, 국방 및 사회보장 행정"
산업,841,입법 및 일반 정부 행정
산업,8411,일반 공공 행정
산업,84111,입법기관
산업,84112,중앙 최고 집행기관
산업,84113,지방행정 집행기관
산업,84114,재정 및 경제정책 행정
산업,84119,기타 일반 공공 행정
산업,8412,정부기관 일반 보조 행정
산업,84120,정부기관 일반 보조 행정
산업,842,사회 및 산업정책 행정
산업,8421,사회서비스 관리 행정
산업,84211,교육 행정
산업,84212,문화 및 관광 행정
산업,84213,환경 행정
산업,84214,보건 및 복지 행정
산업,84219,기타 사회서비스 관리 행정
산업,8422,노동 및 산업 진흥 행정
산업,84221,노동 행정
산업,84222,농림수산 행정
산업,84223,건설 및 운송 행정
산업,84224,우편 및 통신 행정
산업,84229,기타 산업 진흥 행정
산업,843,외무 및 국방 행정
산업,8431,외무 행정
산업,84310,외무 행정
산업,8432,국방 행정
산업,84320,국방 행정
산업,844,사법 및 공공 질서 행정
산업,8440,사법 및 공공 질서 행정
산업,84401,법원
산업,84402,검찰
산업,84403,교도기관
산업,84404,경찰
산업,84405,소방서
산업,84409,기타 사법 및 공공 질서 행정
산업,845,사회보장 행정
산업,8450,사회보장 행정
산업,84500,사회보장 행정
산업,846,사회보장보험업 및 연금업
산업,8461,사회보장보험업
산업,84611,건강보험업
산업,84619,산업 재해 및 기타 사회보장보험업
산업,8462,연금업
산업,84620,연금업
산업,85,교육 서비스업
산업,851,초등 교육기관
산업,8511,유아 교육기관
산업,85110,유아 교육기관
산업,8512,초등학교
산업,85120,초등학교
산업,852,중등 교육기관
산업,8521,일반 중등 교육기관
산업,85211,중학교
산업,85212,일반 고등학교
산업,8522,특성화 고등학교
산업,85221,상업 및 정보산업 특성화 고등학교
산업,85222,공업 특성화 고등학교
산업,85229,기타 특성화 고등학교
산업,853,고등 교육기관
산업,8530,고등 교육기관
산업,85301,전문대학
산업,85302,대학교
산업,85303,대학원
산업,854,"특수학교, 외국인학교 및 대안학교"
산업,8541,특수학교
산업,85410,특수학교
산업,8542,외국인학교
산업,85420,외국인학교
산업,8543,대안학교
산업,85430,대안학교
산업,855,일반 교습학원
산업,8550,일반 교습학원
산업,85501,일반 교과학원
산업,85502,방문 교육학원
산업,85503,온라인 교육학원
산업,856,기타 교육기관
산업,8561,스포츠 및 레크리에이션 교육기관
산업,85611,태권도 및 무술 교육기관
산업,85612,기타 스포츠 교육기관
산업,85613,레크리에이션 교육기관
산업,85614,청소년 수련시설 운영업
산업,8562,예술학원
산업,85621,음악학원
산업,85622,미술학원
산업,85629,기타 예술학원
산업,8563,외국어학원 및 기타 교습학원
산업,85631,외국어학원
산업,85632,기타 교습학원
산업,8564,사회교육시설
산업,85640,사회교육시설
산업,8565,직원 훈련기관
산업,85650,직원 훈련기관
산업,8566,기술 및 직업 훈련학원
산업,85661,운전학원
산업,85669,기타 기술 및 직업 훈련학원
산업,8569,그 외 기타 교육기관
산업,85691,컴퓨터 학원
산업,85699,그 외 기타 분류 안된 교육기관
산업,857,교육 지원 서비스업
산업,8570,교육 지원 서비스업
산업,85701,교육관련 자문 및 평가업
산업,85709,기타 교육지원 서비스업
산업,86,보건업
산업,861,병원
산업,8610,병원
산업,86101,종합병원
산업,86102,일반병원
산업,86103,치과병원
산업,86104,한방병원
산업,86105,요양병원
산업,862,의원
산업,8620,의원
산업,86201,일반의원
산업,86202,치과의원
산업,86203,한의원
산업,86204,방사선 진단 및 병리 검사 의원
산업,863,공중 보건 의료업
산업,8630,공중 보건 의료업
산업,86300,공중 보건 의료업
산업,869,기타 보건업
산업,8690,기타 보건업
산업,86901,앰뷸런스 서비스업
산업,86902,유사 의료업
산업,86909,그 외 기타 보건업
산업,87,사회복지 서비스업
산업,871,거주 복지시설 운영업
산업,8711,노인 거주 복지시설 운영업
산업,87111,노인 요양 복지시설 운영업
산업,87112,노인 양로 복지시설 운영업
산업,8712,심신 장애인 거주 복지시설 운영업
산업,87121,신체 부자유자 거주 복지시설 운영업
산업,87122,"정신 질환, 정신 지체 및 약물 중독자 거주 복지시설 운영업"
산업,8713,기타 거주 복지시설 운영업
산업,87131,아동 및 부녀자 거주 복지시설 운영업
산업,87139,그 외 기타 거주 복지시설 운영업
산업,872,비거주 복지시설 운영업
산업,8721,보육시설 운영업
산업,87210,보육시설 운영업
산업,8729,기타 비거주 복지 서비스업
산업,87291,직업 재활원 운영업
산업,87292,종합복지관 운영업
산업,87293,방문 복지서비스 제공업
산업,87294,사회복지 상담 서비스 제공업
산업,87299,그 외 기타 비거주 복지 서비스업
산업,90,"창작, 예술 및 여가관련 서비스업"
산업,901,창작 및 예술관련 서비스업
산업,9011,공연시설 운영업
산업,90110,공연시설 운영업
산업,9012,공연단체
산업,90121,연극단체
산업,90122,무용 및 음악단체
산업,90123,기타 공연단체
산업,9013,자영 예술가
산업,90131,공연 예술가
산업,90132,비공연 예술가
산업,9019,기타 창작 및 예술 관련 서비스업
산업,90191,공연 기획업
산업,90199,그 외 기타 창작 및 예술 관련 서비스업
산업,902,"도서관, 사적지 및 유사 여가관련 서비스업"
산업,9021,"도서관, 기록 보존소 및 독서실 운영업"
산업,90211,도서관 및 기록 보존소 운영업
산업,90212,독서실 운영업
산업,9022,박물관 및 사적지 관리 운영업
산업,90221,박물관 운영업
산업,90222,사적지 관리 운영업
산업,9023,"식물원, 동물원 및 자연공원 운영업"
산업,90231,식물원 및 동물원 운영업
산업,90232,자연공원 운영업
산업,9029,기타 유사 여가관련 서비스업
산업,90290,기타 유사 여가관련 서비스업
산업,91,스포츠 및 오락관련 서비스업
산업,911,스포츠 서비스업
산업,9111,경기장 운영업
산업,91111,실내 경기장 운영업
산업,91112,실외 경기장 운영업
산업,91113,경주장 및 동물 경기장 운영업
산업,9112,골프장 및 스키장 운영업
산업,91121,골프장 운영업
산업,91122,스키장 운영업
산업,9113,기타 스포츠시설 운영업
산업,91131,종합 스포츠시설 운영업
산업,91132,체력 단련시설 운영업
산업,91133,수영장 운영업
산업,91134,볼링장 운영업
산업,91135,당구장 운영업
산업,91136,골프 연습장 운영업
산업,91139,그 외 기타 스포츠시설 운영업
산업,9119,기타 스포츠 서비스업
산업,91191,스포츠 클럽 운영업
산업,91199,그 외 기타 스포츠 서비스업
산업,912,유원지 및 기타 오락관련 서비스업
산업,9121,유원지 및 테마파크 운영업
산업,91210,유원지 및 테마파크 운영업
산업,9122,오락장 운영업
산업,91221,전자 게임장 운영업
산업,91222,컴퓨터 게임방 운영업
산업,91223,노래 연습장 운영업
산업,91229,기타 오락장 운영업
산업,9123,수상오락 서비스업
산업,91231,낚시장 운영업
산업,91239,기타 수상오락 서비스업
산업,9124,사행시설 관리 및 운영업
산업,91241,복권 발행 및 판매업
산업,91242,카지노 운영업
산업,91249,기타 사행시설 관리 및 운영업
산업,9129,그 외 기타 오락관련 서비스업
산업,91291,무도장 운영업
산업,91292,체육 공원 및 유사 공원 운영업
산업,91293,기원 운영업
산업,91299,그 외 기타 분류 안된 오락관련 서비스업
산업,94,협회 및 단체
산업,941,산업 및 전문가 단체
산업,9411,산업 단체
산업,94110,산업 단체
산업,9412,전문가 단체
산업,94120,전문가 단체
산업,942,노동조합
산업,9420,노동조합
산업,94200,노동조합
산업,949,기타 협회 및 단체
산업,9491,종교 단체
산업,94911,불교 단체
산업,94912,기독교 단체
산업,94913,천주교 단체
산업,94914,민족 종교 단체
산업,94919,기타 종교 단체
산업,9492,정치 단체
산업,94920,정치 단체
산업,9493,시민운동 단체
산업,94931,환경운동 단체
산업,94939,기타 시민운동 단체
산업,9499,그 외 기타 협회 및 단체
산업,94990,그 외 기타 협회 및 단체
산업,95,개인 및 소비용품 수리업
산업,951,컴퓨터 및 통신장비 수리업
산업,9511,컴퓨터 및 주변 기기 수리업
산업,95110,컴퓨터 및 주변 기기 수리업
산업,9512,통신장비 수리업
산업,95120,통신장비 수리업
산업,952,자동차 및 모터사이클 수리업
산업,9521,자동차 수리 및 세차업
산업,95211,자동차 종합 수리업
산업,95212,자동차 전문 수리업
산업,95213,자동차 세차업
산업,9522,모터사이클 수리업
산업,95220,모터사이클 수리업
산업,953,개인 및 가정용품 수리업
산업,9531,가전제품 수리업
산업,95310,가전제품 수리업
산업,9539,기타 개인 및 가정용품 수리업
산업,95391,의복 및 기타 가정용 직물제품 수리업
산업,95392,"가죽, 가방 및 신발 수리업"
산업,95393,"시계, 귀금속 및 악기 수리업"
산업,95399,그 외 기타 개인 및 가정용품 수리업
산업,96,기타 개인 서비스업
산업,961,"미용, 욕탕 및 유사 서비스업"
산업,9611,이용 및 미용업
산업,96111,이용업
산업,96112,두발 미용업
산업,96113,피부 미용업
산업,96119,기타 미용업
산업,9612,"욕탕, 마사지 및 기타 신체 관리 서비스업"
산업,96121,욕탕업
산업,96122,마사지업
산업,96129,체형 등 기타 신체 관리 서비스업
산업,969,그 외 기타 개인 서비스업
산업,9691,세탁업
산업,96911,산업용 세탁업
산업,96912,가정용 세탁업
산업,96913,세탁물 공급업
산업,9692,장례식장 및 관련 서비스업
산업,96921,장례식장 및 장의관련 서비스업
산업,96922,"화장터 운영, 묘지 분양 및 관리업"
산업,9699,그 외 기타 분류 안된 개인 서비스업
산업,96991,예식장업
산업,96992,점술 및 유사 서비스업
산업,96993,개인 간병 및 유사 서비스업
산업,96994,결혼 상담 및 준비 서비스업
산업,96995,반려동물 장묘 및 보호 서비스업
산업,96999,그 외 기타 달리 분류되지 않은 개인 서비스업
산업,97,가구 내 고용활동
산업,970,가구 내 고용활동
산업,9700,가구 내 고용활동
산업,97000,가구 내 고용활동
산업,98,달리 분류되지 않은 자가 소비를 위한 가구의 재화 및 서비스 생산활동
산업,981,자가 소비를 위한 가사 생산 활동
산업,9810,자가 소비를 위한 가사 생산 활동
산업,98100,자가 소비를 위한 가사 생산 활동
산업,982,자가 소비를 위한 가사 서비스 활동
산업,9820,자가 소비를 위한 가사 서비스 활동
산업,98200,자가 소비를 위한 가사 서비스 활동
산업,99,국제 및 외국기관
산업,990,국제 및 외국기관
산업,9900,국제 및 외국기관
산업,99001,주한 외국 공관
산업,99009,기타 국제 및 외국기관
산업,A,"농업, 임업 및 어업(01~03)"
산업,B,광 업(05~08)
산업,C,제 조 업(10~34)
산업,D,"전기, 가스, 증기 및 공기 조절 공급업(35)"
산업,E,"수도, 하수 및 폐기물 처리, 원료 재생업(36~39)"
산업,F,건 설 업(41~42)
산업,G,도매 및 소매업(45~47)
산업,H,운수 및 창고업(49~52)
산업,I,숙박 및 음식점업(55~56)
산업,J,정보통신업(58~63)
산업,K,금융 및 보험업(64~66)
산업,L,부동산업(68)
산업,M,"전문, 과학 및 기술 서비스업(70~73)"
산업,N,"사업시설 관리, 사업 지원 및 임대 서비스업(74~76)"
산업,O,"공공 행정, 국방 및 사회보장 행정(84)"
산업,P,교육 서비스업(85)
산업,Q,보건업 및 사회복지 서비스업(86~87)
산업,R,"예술, 스포츠 및 여가관련 서비스업(90~91)"
산업,S,"협회 및 단체, 수리 및 기타 개인 서비스업(94~96)"
산업,T,가구 내 고용활동 및 달리 분류되지 않은 자가소비 생산활동(97~98)
산업,U,국제 및 외국기관(99)
